<?xml version="1.0" encoding="utf-8"?>
<COLLADA xmlns="http://www.collada.org/2005/11/COLLADASchema" version="1.4.1" xmlns:xsi="http://www.w3.org/2001/XMLSchema-instance">
  <asset>
    <contributor>
      <author>Gleb</author>
      <authoring_tool>Blender 4.5.4 LTS commit date:2025-10-27, commit time:12:46, hash:b3efe983cc58</authoring_tool>
    </contributor>
    <created>2025-11-14T19:16:01</created>
    <modified>2025-11-14T19:16:01</modified>
    <unit name="meter" meter="1"/>
    <up_axis>Z_UP</up_axis>
  </asset>
  <library_effects>
    <effect id="Material_005-effect">
      <profile_COMMON>
        <technique sid="common">
          <lambert>
            <emission>
              <color sid="emission">0 0 0 1</color>
            </emission>
            <diffuse>
              <color sid="diffuse">0.8 0.8 0 1</color>
            </diffuse>
            <index_of_refraction>
              <float sid="ior">1.5</float>
            </index_of_refraction>
          </lambert>
        </technique>
      </profile_COMMON>
    </effect>
    <effect id="Material_006-effect">
      <profile_COMMON>
        <technique sid="common">
          <lambert>
            <emission>
              <color sid="emission">0 0 0 1</color>
            </emission>
            <diffuse>
              <color sid="diffuse">0.8 0.8 0 1</color>
            </diffuse>
            <index_of_refraction>
              <float sid="ior">1.5</float>
            </index_of_refraction>
          </lambert>
        </technique>
      </profile_COMMON>
    </effect>
  </library_effects>
  <library_images/>
  <library_materials>
    <material id="Material_005-material" name="Material.005">
      <instance_effect url="#Material_005-effect"/>
    </material>
    <material id="Material_006-material" name="Material.006">
      <instance_effect url="#Material_006-effect"/>
    </material>
  </library_materials>
  <library_geometries>
    <geometry id="NurbsPath_001-mesh" name="NurbsPath.001">
      <mesh>
        <source id="NurbsPath_001-mesh-positions">
          <float_array id="NurbsPath_001-mesh-positions-array" count="1728">-2 0.1732051 0.0999999 -2 0.1 0.173205 -2 0 0.2 -2 -0.0999999 0.1732051 -2 -0.173205 0.1000001 -2 -0.2 1.63913e-7 -2 -0.1732051 -0.09999984 -2 -0.1000002 -0.173205 -2 -1.93715e-7 -0.1999999 -2 0.09999978 -0.1732051 -2 0.173205 -0.1000002 -2 0.1999999 -1.93715e-7 -1.914894 0.1732051 0.0999999 -1.914894 0.1 0.173205 -1.914894 0 0.1999999 -1.914894 -0.0999999 0.1732051 -1.914894 -0.173205 0.1000001 -1.914894 -0.1999999 1.63913e-7 -1.914894 -0.1732051 -0.09999984 -1.914894 -0.1000002 -0.173205 -1.914894 -1.93715e-7 -0.1999999 -1.914894 0.09999978 -0.1732051 -1.914894 0.173205 -0.1000002 -1.914894 0.1999999 -1.93715e-7 -1.829787 0.1732051 0.09999996 -1.829787 0.1000001 0.173205 -1.829787 0 0.2 -1.829787 -0.0999999 0.1732051 -1.829787 -0.173205 0.1000001 -1.829787 -0.2 1.63913e-7 -1.829787 -0.1732052 -0.09999984 -1.829787 -0.1000002 -0.173205 -1.829787 -1.93715e-7 -0.2 -1.829787 0.09999984 -0.1732051 -1.829787 0.173205 -0.1000002 -1.829787 0.2 -1.93715e-7 -1.744681 0.1732051 0.0999999 -1.744681 0.1 0.173205 -1.744681 0 0.2 -1.744681 -0.0999999 0.1732051 -1.744681 -0.173205 0.1000001 -1.744681 -0.2 1.63913e-7 -1.744681 -0.1732051 -0.09999984 -1.744681 -0.1000002 -0.173205 -1.744681 -1.93715e-7 -0.1999999 -1.744681 0.09999978 -0.1732051 -1.744681 0.173205 -0.1000002 -1.744681 0.1999999 -1.93715e-7 -1.659574 0.1732051 0.0999999 -1.659574 0.1 0.173205 -1.659574 0 0.1999999 -1.659574 -0.0999999 0.1732051 -1.659574 -0.173205 0.1000001 -1.659574 -0.1999999 1.63913e-7 -1.659574 -0.1732051 -0.09999984 -1.659574 -0.1000002 -0.173205 -1.659574 -1.93715e-7 -0.1999999 -1.659574 0.09999978 -0.1732051 -1.659574 0.173205 -0.1000002 -1.659574 0.1999999 -1.93715e-7 -1.574468 0.1732051 0.0999999 -1.574468 0.1 0.173205 -1.574468 0 0.2 -1.574468 -0.0999999 0.1732051 -1.574468 -0.173205 0.1000001 -1.574468 -0.2 1.63913e-7 -1.574468 -0.1732051 -0.09999984 -1.574468 -0.1000002 -0.173205 -1.574468 -1.93715e-7 -0.1999999 -1.574468 0.09999978 -0.1732051 -1.574468 0.173205 -0.1000002 -1.574468 0.1999999 -1.93715e-7 -1.489362 0.1732051 0.09999996 -1.489362 0.1000001 0.173205 -1.489362 0 0.2 -1.489362 -0.0999999 0.1732051 -1.489362 -0.173205 0.1000001 -1.489362 -0.2 1.63913e-7 -1.489362 -0.1732052 -0.09999984 -1.489362 -0.1000002 -0.173205 -1.489362 -1.93715e-7 -0.2 -1.489362 0.09999984 -0.1732051 -1.489362 0.173205 -0.1000002 -1.489362 0.2 -1.93715e-7 -1.404255 0.1732051 0.09999996 -1.404255 0.1000001 0.173205 -1.404255 0 0.2 -1.404255 -0.0999999 0.1732051 -1.404255 -0.173205 0.1000001 -1.404255 -0.2 1.63913e-7 -1.404255 -0.1732052 -0.09999984 -1.404255 -0.1000002 -0.173205 -1.404255 -1.93715e-7 -0.2 -1.404255 0.09999984 -0.1732051 -1.404255 0.173205 -0.1000002 -1.404255 0.2 -1.93715e-7 -1.319149 0.1732051 0.0999999 -1.319149 0.1 0.173205 -1.319149 0 0.2 -1.319149 -0.0999999 0.1732051 -1.319149 -0.173205 0.1000001 -1.319149 -0.2 1.63913e-7 -1.319149 -0.1732051 -0.09999984 -1.319149 -0.1000002 -0.173205 -1.319149 -1.93715e-7 -0.1999999 -1.319149 0.09999978 -0.1732051 -1.319149 0.173205 -0.1000002 -1.319149 0.1999999 -1.93715e-7 -1.234043 0.1732051 0.09999996 -1.234043 0.1000001 0.173205 -1.234043 0 0.2 -1.234043 -0.0999999 0.1732051 -1.234043 -0.173205 0.1000001 -1.234043 -0.2 1.63913e-7 -1.234043 -0.1732052 -0.09999984 -1.234043 -0.1000002 -0.173205 -1.234043 -1.93715e-7 -0.2 -1.234043 0.09999984 -0.1732051 -1.234043 0.173205 -0.1000002 -1.234043 0.2 -1.93715e-7 -1.148936 0.1732051 0.09999996 -1.148936 0.1000001 0.173205 -1.148936 0 0.2 -1.148936 -0.0999999 0.1732051 -1.148936 -0.173205 0.1000001 -1.148936 -0.2 1.63913e-7 -1.148936 -0.1732052 -0.09999984 -1.148936 -0.1000002 -0.173205 -1.148936 -1.93715e-7 -0.2 -1.148936 0.09999984 -0.1732051 -1.148936 0.173205 -0.1000002 -1.148936 0.2 -1.93715e-7 -1.06383 0.1732051 0.0999999 -1.06383 0.1 0.173205 -1.06383 0 0.1999999 -1.06383 -0.0999999 0.1732051 -1.06383 -0.173205 0.1000001 -1.06383 -0.1999999 1.63913e-7 -1.06383 -0.1732051 -0.09999984 -1.06383 -0.1000002 -0.173205 -1.06383 -1.93715e-7 -0.1999999 -1.06383 0.09999978 -0.1732051 -1.06383 0.173205 -0.1000002 -1.06383 0.1999999 -1.93715e-7 -0.9787235 0.1732051 0.09999996 -0.9787235 0.1000001 0.173205 -0.9787235 0 0.2 -0.9787235 -0.0999999 0.1732051 -0.9787235 -0.173205 0.1000001 -0.9787235 -0.2 1.63913e-7 -0.9787235 -0.1732052 -0.09999984 -0.9787235 -0.1000002 -0.173205 -0.9787235 -1.93715e-7 -0.2 -0.9787235 0.09999984 -0.1732051 -0.9787235 0.173205 -0.1000002 -0.9787235 0.2 -1.93715e-7 -0.8936172 0.1732051 0.09999996 -0.8936172 0.1000001 0.173205 -0.8936172 0 0.2 -0.8936172 -0.0999999 0.1732051 -0.8936172 -0.173205 0.1000001 -0.8936172 -0.2 1.63913e-7 -0.8936172 -0.1732052 -0.09999984 -0.8936172 -0.1000002 -0.173205 -0.8936172 -1.93715e-7 -0.2 -0.8936172 0.09999984 -0.1732051 -0.8936172 0.173205 -0.1000002 -0.8936172 0.2 -1.93715e-7 -0.8085108 0.1732051 0.09999996 -0.8085108 0.1000001 0.173205 -0.8085108 0 0.2 -0.8085108 -0.0999999 0.1732051 -0.8085108 -0.173205 0.1000001 -0.8085108 -0.2 1.63913e-7 -0.8085108 -0.1732052 -0.09999984 -0.8085108 -0.1000002 -0.173205 -0.8085108 -1.93715e-7 -0.2 -0.8085108 0.09999984 -0.1732051 -0.8085108 0.173205 -0.1000002 -0.8085108 0.2 -1.93715e-7 -0.7234045 0.1732051 0.09999996 -0.7234045 0.1000001 0.173205 -0.7234045 0 0.2 -0.7234045 -0.0999999 0.1732051 -0.7234045 -0.173205 0.1000001 -0.7234045 -0.2 1.63913e-7 -0.7234045 -0.1732052 -0.09999984 -0.7234045 -0.1000002 -0.173205 -0.7234045 -1.93715e-7 -0.2 -0.7234045 0.09999984 -0.1732051 -0.7234045 0.173205 -0.1000002 -0.7234045 0.2 -1.93715e-7 -0.638298 0.1732051 0.09999996 -0.638298 0.1000001 0.1732051 -0.638298 0 0.2 -0.638298 -0.0999999 0.1732051 -0.638298 -0.173205 0.1000002 -0.638298 -0.2 1.63913e-7 -0.638298 -0.1732052 -0.09999984 -0.638298 -0.1000002 -0.173205 -0.638298 -1.93715e-7 -0.2 -0.638298 0.09999984 -0.1732052 -0.638298 0.173205 -0.1000002 -0.638298 0.2 -1.93715e-7 -0.5531917 0.1732051 0.09999996 -0.5531917 0.1000001 0.1732051 -0.5531917 0 0.2 -0.5531917 -0.0999999 0.1732051 -0.5531917 -0.173205 0.1000002 -0.5531917 -0.2 1.63913e-7 -0.5531917 -0.1732052 -0.09999984 -0.5531917 -0.1000002 -0.173205 -0.5531917 -1.93715e-7 -0.2 -0.5531917 0.09999984 -0.1732052 -0.5531917 0.173205 -0.1000002 -0.5531917 0.2 -1.93715e-7 -0.4680852 0.1732051 0.09999996 -0.4680852 0.1000001 0.173205 -0.4680852 0 0.2 -0.4680852 -0.0999999 0.1732051 -0.4680852 -0.173205 0.1000001 -0.4680852 -0.2 1.63913e-7 -0.4680852 -0.1732052 -0.09999984 -0.4680852 -0.1000002 -0.173205 -0.4680852 -1.93715e-7 -0.2 -0.4680852 0.09999984 -0.1732051 -0.4680852 0.173205 -0.1000002 -0.4680852 0.2 -1.93715e-7 -0.3829789 0.1732051 0.0999999 -0.3829789 0.1 0.173205 -0.3829789 0 0.2 -0.3829789 -0.0999999 0.1732051 -0.3829789 -0.173205 0.1000001 -0.3829789 -0.2 1.63913e-7 -0.3829789 -0.1732051 -0.09999984 -0.3829789 -0.1000002 -0.173205 -0.3829789 -1.93715e-7 -0.1999999 -0.3829789 0.09999978 -0.1732051 -0.3829789 0.173205 -0.1000002 -0.3829789 0.1999999 -1.93715e-7 -0.2978725 0.1732051 0.09999996 -0.2978725 0.1000001 0.173205 -0.2978725 0 0.2 -0.2978725 -0.0999999 0.1732051 -0.2978725 -0.173205 0.1000001 -0.2978725 -0.2 1.63913e-7 -0.2978725 -0.1732052 -0.09999984 -0.2978725 -0.1000002 -0.173205 -0.2978725 -1.93715e-7 -0.2 -0.2978725 0.09999984 -0.1732051 -0.2978725 0.173205 -0.1000002 -0.2978725 0.2 -1.93715e-7 -0.2127661 0.1732051 0.09999996 -0.2127661 0.1000001 0.173205 -0.2127661 0 0.2 -0.2127661 -0.0999999 0.1732051 -0.2127661 -0.173205 0.1000001 -0.2127661 -0.2 1.63913e-7 -0.2127661 -0.1732052 -0.09999984 -0.2127661 -0.1000002 -0.173205 -0.2127661 -1.93715e-7 -0.2 -0.2127661 0.09999984 -0.1732051 -0.2127661 0.173205 -0.1000002 -0.2127661 0.2 -1.93715e-7 -0.1276597 0.1732051 0.09999996 -0.1276597 0.1000001 0.173205 -0.1276597 0 0.2 -0.1276597 -0.0999999 0.1732051 -0.1276597 -0.173205 0.1000001 -0.1276597 -0.2 1.63913e-7 -0.1276597 -0.1732052 -0.09999984 -0.1276597 -0.1000002 -0.173205 -0.1276597 -1.93715e-7 -0.2 -0.1276597 0.09999984 -0.1732051 -0.1276597 0.173205 -0.1000002 -0.1276597 0.2 -1.93715e-7 -0.0425533 0.1732051 0.09999996 -0.0425533 0.1000001 0.173205 -0.0425533 0 0.2 -0.0425533 -0.0999999 0.1732051 -0.0425533 -0.173205 0.1000001 -0.0425533 -0.2 1.63913e-7 -0.0425533 -0.1732052 -0.09999984 -0.0425533 -0.1000002 -0.173205 -0.0425533 -1.93715e-7 -0.2 -0.0425533 0.09999984 -0.1732051 -0.0425533 0.173205 -0.1000002 -0.0425533 0.2 -1.93715e-7 0.04255312 0.1732051 0.0999999 0.04255312 0.1 0.173205 0.04255312 0 0.2 0.04255312 -0.0999999 0.1732051 0.04255312 -0.173205 0.1000001 0.04255312 -0.2 1.63913e-7 0.04255312 -0.1732051 -0.09999984 0.04255312 -0.1000002 -0.173205 0.04255312 -1.93715e-7 -0.1999999 0.04255312 0.09999978 -0.1732051 0.04255312 0.173205 -0.1000002 0.04255312 0.1999999 -1.93715e-7 0.1276595 0.1732051 0.0999999 0.1276595 0.1 0.173205 0.1276595 0 0.2 0.1276595 -0.0999999 0.1732051 0.1276595 -0.173205 0.1000001 0.1276595 -0.2 1.63913e-7 0.1276595 -0.1732051 -0.09999984 0.1276595 -0.1000002 -0.173205 0.1276595 -1.93715e-7 -0.1999999 0.1276595 0.09999978 -0.1732051 0.1276595 0.173205 -0.1000002 0.1276595 0.1999999 -1.93715e-7 0.2127659 0.1732051 0.09999996 0.2127659 0.1000001 0.173205 0.2127659 0 0.2 0.2127659 -0.0999999 0.1732051 0.2127659 -0.173205 0.1000001 0.2127659 -0.2 1.63913e-7 0.2127659 -0.1732052 -0.09999984 0.2127659 -0.1000002 -0.173205 0.2127659 -1.93715e-7 -0.2 0.2127659 0.09999984 -0.1732051 0.2127659 0.173205 -0.1000002 0.2127659 0.2 -1.93715e-7 0.2978723 0.1732051 0.09999996 0.2978723 0.1000001 0.173205 0.2978723 0 0.2 0.2978723 -0.0999999 0.1732051 0.2978723 -0.173205 0.1000001 0.2978723 -0.2 1.63913e-7 0.2978723 -0.1732052 -0.09999984 0.2978723 -0.1000002 -0.173205 0.2978723 -1.93715e-7 -0.2 0.2978723 0.09999984 -0.1732051 0.2978723 0.173205 -0.1000002 0.2978723 0.2 -1.93715e-7 0.3829787 0.1732051 0.09999996 0.3829787 0.1000001 0.173205 0.3829787 0 0.2 0.3829787 -0.0999999 0.1732051 0.3829787 -0.173205 0.1000001 0.3829787 -0.2 1.63913e-7 0.3829787 -0.1732052 -0.09999984 0.3829787 -0.1000002 -0.173205 0.3829787 -1.93715e-7 -0.2 0.3829787 0.09999984 -0.1732051 0.3829787 0.173205 -0.1000002 0.3829787 0.2 -1.93715e-7 0.4680851 0.1732051 0.0999999 0.4680851 0.1 0.173205 0.4680851 0 0.2 0.4680851 -0.0999999 0.1732051 0.4680851 -0.173205 0.1000001 0.4680851 -0.2 1.63913e-7 0.4680851 -0.1732051 -0.09999984 0.4680851 -0.1000002 -0.173205 0.4680851 -1.93715e-7 -0.1999999 0.4680851 0.09999978 -0.1732051 0.4680851 0.173205 -0.1000002 0.4680851 0.1999999 -1.93715e-7 0.5531914 0.1732051 0.0999999 0.5531914 0.1 0.173205 0.5531914 0 0.2 0.5531914 -0.0999999 0.1732051 0.5531914 -0.173205 0.1000001 0.5531914 -0.2 1.63913e-7 0.5531914 -0.1732051 -0.09999984 0.5531914 -0.1000002 -0.173205 0.5531914 -1.93715e-7 -0.1999999 0.5531914 0.09999978 -0.1732051 0.5531914 0.173205 -0.1000002 0.5531914 0.1999999 -1.93715e-7 0.6382978 0.1732051 0.0999999 0.6382978 0.1 0.173205 0.6382978 0 0.2 0.6382978 -0.0999999 0.1732051 0.6382978 -0.173205 0.1000001 0.6382978 -0.2 1.63913e-7 0.6382978 -0.1732051 -0.09999984 0.6382978 -0.1000002 -0.173205 0.6382978 -1.93715e-7 -0.1999999 0.6382978 0.09999978 -0.1732051 0.6382978 0.173205 -0.1000002 0.6382978 0.1999999 -1.93715e-7 0.7234042 0.1732051 0.0999999 0.7234042 0.1 0.173205 0.7234042 0 0.2 0.7234042 -0.0999999 0.1732051 0.7234042 -0.173205 0.1000001 0.7234042 -0.2 1.63913e-7 0.7234042 -0.1732051 -0.09999984 0.7234042 -0.1000002 -0.173205 0.7234042 -1.93715e-7 -0.1999999 0.7234042 0.09999978 -0.1732051 0.7234042 0.173205 -0.1000002 0.7234042 0.1999999 -1.93715e-7 0.8085106 0.1732051 0.0999999 0.8085106 0.1 0.173205 0.8085106 0 0.2 0.8085106 -0.0999999 0.1732051 0.8085106 -0.173205 0.1000001 0.8085106 -0.2 1.63913e-7 0.8085106 -0.1732051 -0.09999984 0.8085106 -0.1000002 -0.173205 0.8085106 -1.93715e-7 -0.1999999 0.8085106 0.09999978 -0.1732051 0.8085106 0.173205 -0.1000002 0.8085106 0.1999999 -1.93715e-7 0.8936169 0.1732051 0.0999999 0.8936169 0.1 0.173205 0.8936169 0 0.2 0.8936169 -0.0999999 0.1732051 0.8936169 -0.173205 0.1000001 0.8936169 -0.2 1.63913e-7 0.8936169 -0.1732051 -0.09999984 0.8936169 -0.1000002 -0.173205 0.8936169 -1.93715e-7 -0.1999999 0.8936169 0.09999978 -0.1732051 0.8936169 0.173205 -0.1000002 0.8936169 0.1999999 -1.93715e-7 0.9787232 0.1732051 0.0999999 0.9787232 0.1 0.173205 0.9787232 0 0.1999999 0.9787232 -0.0999999 0.1732051 0.9787232 -0.173205 0.1000001 0.9787232 -0.1999999 1.63913e-7 0.9787232 -0.1732051 -0.09999984 0.9787232 -0.1000002 -0.173205 0.9787232 -1.93715e-7 -0.1999999 0.9787232 0.09999978 -0.1732051 0.9787232 0.173205 -0.1000002 0.9787232 0.1999999 -1.93715e-7 1.06383 0.1732051 0.0999999 1.06383 0.1 0.173205 1.06383 0 0.2 1.06383 -0.0999999 0.1732051 1.06383 -0.173205 0.1000001 1.06383 -0.2 1.63913e-7 1.06383 -0.1732051 -0.09999984 1.06383 -0.1000002 -0.173205 1.06383 -1.93715e-7 -0.1999999 1.06383 0.09999978 -0.1732051 1.06383 0.173205 -0.1000002 1.06383 0.1999999 -1.93715e-7 1.148936 0.1732051 0.0999999 1.148936 0.1 0.173205 1.148936 0 0.2 1.148936 -0.0999999 0.1732051 1.148936 -0.173205 0.1000001 1.148936 -0.2 1.63913e-7 1.148936 -0.1732051 -0.09999984 1.148936 -0.1000002 -0.173205 1.148936 -1.93715e-7 -0.1999999 1.148936 0.09999978 -0.1732051 1.148936 0.173205 -0.1000002 1.148936 0.1999999 -1.93715e-7 1.234042 0.1732051 0.0999999 1.234042 0.1 0.173205 1.234042 0 0.2 1.234042 -0.0999999 0.1732051 1.234042 -0.173205 0.1000001 1.234042 -0.2 1.63913e-7 1.234042 -0.1732051 -0.09999984 1.234042 -0.1000002 -0.173205 1.234042 -1.93715e-7 -0.1999999 1.234042 0.09999978 -0.1732051 1.234042 0.173205 -0.1000002 1.234042 0.1999999 -1.93715e-7 1.319149 0.1732051 0.0999999 1.319149 0.1 0.173205 1.319149 0 0.2 1.319149 -0.0999999 0.1732051 1.319149 -0.173205 0.1000001 1.319149 -0.2 1.63913e-7 1.319149 -0.1732051 -0.09999984 1.319149 -0.1000002 -0.173205 1.319149 -1.93715e-7 -0.1999999 1.319149 0.09999978 -0.1732051 1.319149 0.173205 -0.1000002 1.319149 0.1999999 -1.93715e-7 1.404255 0.1732051 0.0999999 1.404255 0.1 0.173205 1.404255 0 0.2 1.404255 -0.0999999 0.1732051 1.404255 -0.173205 0.1000001 1.404255 -0.2 1.63913e-7 1.404255 -0.1732051 -0.09999984 1.404255 -0.1000002 -0.173205 1.404255 -1.93715e-7 -0.1999999 1.404255 0.09999978 -0.1732051 1.404255 0.173205 -0.1000002 1.404255 0.1999999 -1.93715e-7 1.489361 0.1732051 0.0999999 1.489361 0.1 0.173205 1.489361 0 0.1999999 1.489361 -0.0999999 0.1732051 1.489361 -0.173205 0.1000001 1.489361 -0.1999999 1.63913e-7 1.489361 -0.1732051 -0.09999984 1.489361 -0.1000002 -0.173205 1.489361 -1.93715e-7 -0.1999999 1.489361 0.09999978 -0.1732051 1.489361 0.173205 -0.1000002 1.489361 0.1999999 -1.93715e-7 1.574468 0.1732051 0.0999999 1.574468 0.1 0.173205 1.574468 0 0.2 1.574468 -0.0999999 0.1732051 1.574468 -0.173205 0.1000001 1.574468 -0.2 1.63913e-7 1.574468 -0.1732051 -0.09999984 1.574468 -0.1000002 -0.173205 1.574468 -1.93715e-7 -0.1999999 1.574468 0.09999978 -0.1732051 1.574468 0.173205 -0.1000002 1.574468 0.1999999 -1.93715e-7 1.659574 0.1732051 0.0999999 1.659574 0.1 0.173205 1.659574 0 0.2 1.659574 -0.0999999 0.1732051 1.659574 -0.173205 0.1000001 1.659574 -0.2 1.63913e-7 1.659574 -0.1732051 -0.09999984 1.659574 -0.1000002 -0.173205 1.659574 -1.93715e-7 -0.1999999 1.659574 0.09999978 -0.1732051 1.659574 0.173205 -0.1000002 1.659574 0.1999999 -1.93715e-7 1.744681 0.1732051 0.0999999 1.744681 0.1 0.173205 1.744681 0 0.2 1.744681 -0.0999999 0.1732051 1.744681 -0.173205 0.1000001 1.744681 -0.2 1.63913e-7 1.744681 -0.1732051 -0.09999984 1.744681 -0.1000002 -0.173205 1.744681 -1.93715e-7 -0.1999999 1.744681 0.09999978 -0.1732051 1.744681 0.173205 -0.1000002 1.744681 0.1999999 -1.93715e-7 1.829787 0.1732051 0.0999999 1.829787 0.1 0.173205 1.829787 0 0.2 1.829787 -0.0999999 0.1732051 1.829787 -0.173205 0.1000001 1.829787 -0.2 1.63913e-7 1.829787 -0.1732051 -0.09999984 1.829787 -0.1000002 -0.173205 1.829787 -1.93715e-7 -0.1999999 1.829787 0.09999978 -0.1732051 1.829787 0.173205 -0.1000002 1.829787 0.1999999 -1.93715e-7 1.914893 0.1732051 0.0999999 1.914893 0.1 0.173205 1.914893 0 0.2 1.914893 -0.0999999 0.1732051 1.914893 -0.173205 0.1000001 1.914893 -0.2 1.63913e-7 1.914893 -0.1732051 -0.09999984 1.914893 -0.1000002 -0.173205 1.914893 -1.93715e-7 -0.1999999 1.914893 0.09999978 -0.1732051 1.914893 0.173205 -0.1000002 1.914893 0.1999999 -1.93715e-7 2 0.1732051 0.0999999 2 0.1 0.173205 2 0 0.2 2 -0.0999999 0.1732051 2 -0.173205 0.1000001 2 -0.2 1.63913e-7 2 -0.1732051 -0.09999984 2 -0.1000002 -0.173205 2 -1.93715e-7 -0.1999999 2 0.09999978 -0.1732051 2 0.173205 -0.1000002 2 0.1999999 -1.93715e-7</float_array>
          <technique_common>
            <accessor source="#NurbsPath_001-mesh-positions-array" count="576" stride="3">
              <param name="X" type="float"/>
              <param name="Y" type="float"/>
              <param name="Z" type="float"/>
            </accessor>
          </technique_common>
        </source>
        <source id="NurbsPath_001-mesh-normals">
          <float_array id="NurbsPath_001-mesh-normals-array" count="1563">-1.47144e-7 0.8660288 0.499994 1.77825e-7 1 5.31305e-6 1.20348e-7 0.8660228 0.5000045 -1.6358e-7 0.5000003 0.8660253 0 0.4999998 0.8660256 1.52441e-7 3.4372e-7 1 0 -0.4999994 0.8660258 0 -0.5000045 0.866023 -1.32974e-7 -0.8660252 0.5000007 2.0534e-7 -0.866028 0.4999955 -1.63444e-7 -1 7.56201e-7 1.7613e-7 -1 -4.93004e-6 0 -0.8660276 -0.4999962 1.95525e-7 -0.8660229 -0.5000044 -1.38313e-7 -0.5000061 -0.866022 1.33652e-7 -0.4999958 -0.8660278 -1.38871e-7 -3.95528e-6 -1 4.37721e-7 -7.7586e-7 -1 2.42576e-7 0.499999 -0.866026 0 0.866025 -0.5000009 0 0.8660278 -0.4999959 -1.65589e-7 1 -3.65092e-6 0 1 2.13845e-6 0 0.8660225 0.5000049 -2.15095e-7 4.78764e-7 1 -1.22997e-7 -2.75476e-6 1 0 -0.4999995 0.8660257 -1.26992e-7 -0.8660252 0.5000004 0 -1 6.48172e-7 0 -0.8660243 -0.5000019 -1.76254e-7 -0.4999949 -0.8660283 -1.4788e-7 0.4999991 -0.866026 -2.32424e-7 4.99387e-6 -1 0 0.8660251 -0.5000006 2.61184e-7 0.8660257 0.4999995 2.19865e-7 0.5000037 0.8660233 0 0.499998 0.8660266 2.15097e-7 3.47161e-6 1 2.27449e-7 -0.499997 0.8660271 1.52997e-7 -0.8660237 0.5000029 2.5031e-7 -1 1.01645e-6 2.98772e-7 -0.866026 -0.4999991 1.91576e-7 -0.5000008 -0.866025 2.48307e-7 -3.83015e-6 -1 2.79699e-7 0.4999964 -0.8660275 0 0.5000017 -0.8660244 1.74504e-7 0.8660252 -0.5000005 2.51158e-7 1 -7.12008e-7 0 0.8660286 0.4999946 0 0.5000005 0.8660251 0 -0.5000022 0.8660242 0 -1 9.57528e-7 0 -0.8660274 -0.4999966 0 -0.5000032 -0.8660236 0 2.23666e-6 -1 0 0.8660249 -0.500001 0 1 -3.53553e-6 -2.57997e-7 1 2.2563e-6 -2.36621e-7 0.8660229 0.5000045 -1.85652e-7 3.43732e-6 1 0 -2.87998e-6 1 -2.08961e-7 -0.4999969 0.8660272 -1.48645e-7 -0.8660253 0.5000003 0 -0.8660266 0.499998 -2.72977e-7 -1 3.92836e-6 -2.20852e-7 -0.8660261 -0.4999991 -3.43013e-7 -8.15126e-7 -1 -2.08965e-7 0.4999991 -0.866026 0 0.5000015 -0.8660247 -1.79392e-7 0.866025 -0.5000008 -2.0101e-7 0.8660256 0.4999996 -1.86248e-7 0.5000002 0.8660253 -1.80826e-7 0.499998 0.8660266 -1.38881e-7 -2.5853e-6 1 0 -0.866025 0.5000007 -1.47268e-7 -1 -1.90767e-6 0 -0.5000007 -0.866025 -2.76692e-7 -0.499998 -0.8660266 -1.5244e-7 -1.03364e-6 -1 -1.44849e-7 0.4999989 -0.8660261 -1.26549e-7 0.8660249 -0.500001 -1.62246e-7 1 -6.03979e-7 1.76446e-7 0.8660258 0.4999995 1.47209e-7 0.5000005 0.8660252 0 6.45717e-7 1 1.33144e-7 -0.4999997 0.8660256 -1.5163e-7 -0.500002 0.8660243 0 -0.8660252 0.5000004 1.62845e-7 -1 9.64893e-7 1.28511e-7 -0.866026 -0.4999992 0 -0.8660244 -0.5000019 0 -0.5000005 -0.8660251 0 -1.1564e-6 -1 1.8786e-7 0.4999992 -0.866026 1.23641e-7 0.8660251 -0.5000007 1.62844e-7 1 -6.33441e-7 0 0.8660271 0.499997 0 0.5000006 0.8660251 0 7.53746e-7 1 0 -0.4999992 0.8660259 0 -0.866025 0.5000008 0 -1 7.95484e-7 0 -0.866026 -0.4999991 0 -0.5000005 -0.8660251 -1.41476e-7 -8.96147e-7 -1 0 0.4999988 -0.8660261 0 0.8660249 -0.500001 0 1 -3.76141e-6 -1.47268e-7 1 2.16301e-6 -1.86248e-7 0.5000005 0.8660251 -1.38877e-7 4.2966e-7 1 -1.51633e-7 -0.4999998 0.8660255 0 -0.8660252 0.5000005 -1.62246e-7 -1 6.8009e-7 0 -0.866026 -0.4999992 0 -0.5000008 -0.866025 -1.5244e-7 -1.11957e-6 -1 -1.44849e-7 0.4999993 -0.8660259 -1.26548e-7 0.8660251 -0.5000005 2.36678e-7 0.8660257 0.4999996 -1.8603e-7 0.8660242 0.5000022 2.82312e-7 0.5000007 0.866025 0 7.04642e-7 1 1.99718e-7 -0.4999994 0.8660258 1.71597e-7 -0.866025 0.5000008 2.50909e-7 -1 8.39678e-7 2.12711e-7 -0.8660259 -0.4999993 2.14035e-7 -0.5000009 -0.8660249 2.80358e-7 -1.27425e-6 -1 2.82158e-7 0.4999964 -0.8660274 2.23293e-7 0.8660235 -0.5000035 2.50909e-7 1 -6.38352e-7 0 0.8660256 0.4999998 1.31622e-7 0.5000003 0.8660253 0 6.60448e-7 1 1.43937e-7 -0.4999994 0.8660258 0 -0.866025 0.5000007 0 -1 8.24947e-7 0 -0.8660258 -0.4999994 0 -0.5000032 -0.8660237 0 -4.03385e-6 -1 0 0.5000017 -0.8660244 0 1 -7.80753e-7 -2.7162e-7 0.8660258 0.4999995 -2.29449e-7 0.5000004 0.8660253 -3.24528e-7 5.99069e-7 1 -1.5917e-7 -0.4999995 0.8660258 -1.95919e-7 -0.8660251 0.5000005 -2.49712e-7 -1 7.68477e-7 -1.62192e-7 -0.8660258 -0.4999994 -2.16026e-7 -0.4999983 -0.8660265 -3.43658e-7 0.499999 -0.8660261 -2.13105e-7 0.866025 -0.5000007 0 0.8660264 -0.4999983 -2.49711e-7 1 -9.72259e-7 0 0.8660258 0.4999995 0 0.5000005 0.8660252 0 4.81219e-7 1 0 -0.4999994 0.8660258 0 -0.866025 0.5000007 0 -1 1.00909e-6 0 -0.8660258 -0.4999994 0 -0.5000008 -0.866025 0 -9.59983e-7 -1 -2.18858e-7 2.09431e-6 -1 0 0.4999989 -0.8660262 0 0.866025 -0.5000008 0 1 -9.37886e-7 0 0.8660257 0.4999995 0 0.5000006 0.8660251 0 4.78764e-7 1 0 -0.4999997 0.8660256 0 -0.8660252 0.5000006 0 -1 9.15789e-7 0 -0.8660259 -0.4999992 0 -0.5000007 -0.866025 0 -1.00909e-6 -1 0 0.4999991 -0.8660259 0 0.8660252 -0.5000006 0 1 -8.5932e-7 -1.57878e-7 0.8660256 0.4999997 0 0.5000002 0.8660253 -1.70925e-7 5.42599e-7 1 0 -0.4999995 0.8660258 -2.02444e-7 -0.8660237 0.500003 -1.32654e-7 -1 3.89145e-6 -2.05814e-7 -0.8660258 -0.4999993 -1.2154e-7 -0.5000007 -0.866025 -1.57363e-7 -1.06801e-6 -1 -2.06751e-7 0.4999991 -0.866026 -1.27959e-7 0.8660252 -0.5000007 0 1 -7.73388e-7 -2.27981e-7 0.8660259 0.4999993 0 0.5000002 0.8660253 -1.8565e-7 5.15592e-7 1 -1.23749e-7 -0.4999993 0.8660258 -1.67951e-7 -0.8660266 0.4999979 -2.24985e-7 -0.8660258 -0.4999993 -1.31472e-7 -0.5000006 -0.8660251 0 -1.06801e-6 -1 -1.92026e-7 0.499999 -0.8660261 -1.80941e-7 0.866025 -0.5000007 0 1 -8.49499e-7 1.23347e-7 0.8660274 0.4999967 1.35103e-7 0.5000002 0.8660253 0 4.59122e-7 1 2.06751e-7 -0.4999994 0.8660258 1.27959e-7 -0.866025 0.5000007 0 -1 9.57528e-7 0 -1 -2.15323e-6 1.99033e-7 -0.8660261 -0.4999991 1.89816e-7 -0.5000006 -0.8660252 0 -4.01675e-6 -1 1.45257e-7 0.4999964 -0.8660275 2.37387e-7 0.866025 -0.5000008 0 1 -3.592e-6 2.9934e-7 1 2.17037e-6 3.79213e-7 0.5000056 0.8660222 2.0154e-7 3.47898e-6 1 3.2517e-7 -0.4999997 0.8660256 2.49868e-7 -0.866025 0.5000008 2.71531e-7 -1 8.5932e-7 2.98783e-7 -0.8660258 -0.4999993 2.05484e-7 -0.5000033 -0.8660236 2.01537e-7 -9.25589e-7 -1 3.18145e-7 0.8660249 -0.500001 0 0.8660243 0.5000021 3.25555e-7 0.8660258 0.4999994 0 0.4999951 0.8660283 0 -0.4999996 0.8660256 0 -0.8660251 0.5000008 0 -1 8.81416e-7 0 -0.8660259 -0.4999991 0 -0.4999981 -0.8660265 0 0.4999992 -0.866026 3.18392e-7 0.5000018 -0.8660244 0 0.866025 -0.500001 0 1 -9.59983e-7 -2.0101e-7 0.8660258 0.4999994 -1.86248e-7 0.5000004 0.8660252 -1.38877e-7 4.24749e-7 1 0 -2.58044e-6 1 -1.51633e-7 -0.4999997 0.8660258 0 -0.8660251 0.5000008 -1.62246e-7 -1 9.15789e-7 0 -0.866026 -0.4999992 0 -0.5000008 -0.866025 -1.5244e-7 -9.35431e-7 -1 0 2.14832e-6 -1 -1.44849e-7 0.4999992 -0.8660259 -1.26548e-7 0.8660249 -0.5000008 -1.62246e-7 1 -8.86327e-7 0 0.8660258 0.4999995 0 0.5000004 0.8660252 0 4.17384e-7 1 0 -0.4999995 0.8660258 0 -0.8660252 0.5000007 0 -0.866026 -0.4999992 0 -0.5000008 -0.8660251 0 -9.03513e-7 -1 0 0.4999991 -0.866026 0 0.866025 -0.5000008 0 1 -8.37223e-7 0 0.8660272 0.4999969 0 4.54212e-7 1 0 -0.4999995 0.8660257 0 -1 8.61775e-7 0 -0.8660274 -0.4999966 0 -0.5000034 -0.8660235 0 -9.69804e-7 -1 0 0.4999992 -0.866026 0 0.8660249 -0.5000008 0 1 -3.8056e-6 1.47266e-7 1 -8.593e-7 1.47209e-7 0.5000004 0.8660253 0 5.00861e-7 1 1.33144e-7 -0.4999995 0.8660258 0 -0.8660235 0.5000033 1.47268e-7 -1 3.78096e-6 0 -0.8660259 -0.4999993 0 -9.67348e-7 -1 1.8786e-7 0.4999992 -0.866026 0 0.8660234 -0.5000035 2.0101e-7 0.8660258 0.4999995 1.76448e-7 0.8660242 0.5000022 1.86248e-7 0.5000003 0.8660253 1.38877e-7 4.73853e-7 1 1.51633e-7 -0.4999995 0.8660258 0 -0.8660266 0.499998 1.29929e-7 -0.8660244 -0.5000019 0 -0.5000008 -0.866025 0 -9.74714e-7 -1 1.58411e-7 0.4999991 -0.8660259 1.42128e-7 0.8660265 -0.4999982 -1.76446e-7 0.8660258 0.4999995 1.77822e-7 1 2.21461e-6 -1.4721e-7 0.5000003 0.8660253 0 3.44223e-6 1 -1.33147e-7 -0.4999969 0.8660272 0 -0.866025 0.5000007 -1.62845e-7 -1 7.80753e-7 1.77822e-7 -1 -2.07221e-6 0 -0.8660258 -0.4999993 -1.33647e-7 -0.5000007 -0.866025 1.76658e-7 -0.499998 -0.8660266 -1.70925e-7 -9.23155e-7 -1 0 0.4999991 -0.8660259 -1.23641e-7 0.866025 -0.5000008 -1.62845e-7 1 -8.6423e-7 -2.0101e-7 0.8660258 0.4999995 -1.86248e-7 0.5000004 0.8660253 -1.38881e-7 -2.58284e-6 1 0 -0.8660251 0.5000008 -1.62246e-7 -1 9.2561e-7 0 -0.866026 -0.4999992 0 -0.5000007 -0.866025 -1.5244e-7 -9.18244e-7 -1 -1.44849e-7 0.4999991 -0.8660259 -1.26548e-7 0.866025 -0.5000008 -1.62246e-7 1 -8.74051e-7 0 4.19839e-7 1 0 -0.4999995 0.8660258 -1.5163e-7 -0.5000022 0.8660242 0 -1 8.81416e-7 0 -0.866026 -0.4999992 0 -9.20699e-7 -1 0 0.4999991 -0.866026 0 0.866025 -0.5000008 0 1 -8.93692e-7 1.8603e-7 0.8660272 0.4999969 1.86248e-7 0.5000056 0.8660222 1.38881e-7 3.45934e-6 1 1.33144e-7 -0.4999995 0.8660258 0 -0.866025 0.5000007 1.62845e-7 -1 9.01058e-7 0 -0.8660273 -0.4999967 0 -0.500006 -0.8660221 0 -3.96756e-6 -1 1.8786e-7 0.4999991 -0.8660259 1.23641e-7 0.866025 -0.5000008 1.62845e-7 1 -9.37886e-7 1.91426e-7 0.8660242 0.5000022 1.4721e-7 0.499995 0.8660283 1.51633e-7 -0.4999994 0.8660258 0 -0.8660252 0.5000007 1.62246e-7 -1 1.08029e-6 1.2993e-7 -0.8660244 -0.5000018 1.33647e-7 -0.4999955 -0.866028 1.58411e-7 0.4999992 -0.866026 1.26548e-7 0.8660249 -0.5000009 1.62246e-7 1 -8.0776e-7 0 0.8660258 0.4999994 0 0.5000004 0.8660253 0 4.78764e-7 1 0 -2.57308e-6 1 0 -0.8660251 0.5000005 0 -1 8.86327e-7 0 -0.866026 -0.499999 0 -0.5000006 -0.8660252 0 -9.55072e-7 -1 0 2.02802e-6 -1 0 1 -9.01058e-7 0 0.5000002 0.8660253 0 4.64033e-7 1 0 -0.4999995 0.8660258 0 -0.8660261 -0.499999 0 -0.5000007 -0.8660251 0 -9.52617e-7 -1 0 1 -8.39678e-7 0 3.85466e-7 1 0 -1 8.81416e-7 0 -8.98603e-7 -1 0 0.4999991 -0.8660261 0 0.8660258 0.4999995 0 0.5000004 0.8660252 0 4.9104e-7 1 0 -1 9.3052e-7 0 1 -7.95484e-7 0 0.8660258 0.4999994 0 0.5000003 0.8660253 0 5.67151e-7 1 0 -0.4999996 0.8660257 0 -0.8660252 0.5000005 0 -1 7.85664e-7 0 -0.8660261 -0.4999989 0 -0.5000007 -0.866025 2.18861e-7 -8.44588e-7 -1 1.21286e-7 0.4999992 -0.8660259 0 0.8660249 -0.5000008 0 1 -8.61775e-7 0 0.8660258 0.4999994 0 0.5000004 0.8660253 0 6.06434e-7 1 0 -0.4999995 0.8660258 0 -0.8660252 0.5000006 0 -1 7.21828e-7 0 -0.866026 -0.499999 0 -0.5000007 -0.866025 0 -1.05328e-6 -1 0 0.4999991 -0.866026 0 0.8660249 -0.5000009 0 1 -7.4638e-7 0 0.8660256 0.4999996 0 0.5000002 0.8660253 0 5.13137e-7 1 0 -0.4999997 0.8660258 0 -0.866025 0.5000007 0 -1 8.47044e-7 0 -0.8660261 -0.4999991 -1.83378e-7 -0.5000006 -0.8660251 -1.72088e-7 -1.00418e-6 -1 -1.30533e-7 0.4999992 -0.8660259 0 0.8660249 -0.5000009 0 1 -7.24284e-7 0 0.5000004 0.8660252 0 5.32778e-7 1 0 -0.866025 0.5000007 0 -0.8660259 -0.4999991 0 -0.5000005 -0.8660251 0 -1.00909e-6 -1 0 0.4999992 -0.8660258 0 0.8660249 -0.500001 0 0.5000003 0.8660253 0 4.93495e-7 1 0 -0.866025 0.5000008 0 -1 9.40341e-7 0 -0.866026 -0.4999991 0 -0.5000006 -0.8660251 0 0.4999992 -0.8660259 0 0.8660249 -0.500001 0 0.5000002 0.8660253 0 4.3457e-7 1 0 -0.866025 0.5000008 0 -1 8.54409e-7 0 -0.8660259 -0.4999991 0 -0.5000005 -0.8660252 0 -9.74714e-7 -1 0 0.4999993 -0.8660259 0 0.866025 -0.500001 0 1 -9.13334e-7 0 0.8660276 0.4999963 0 0.5000056 0.8660222 0 6.43999e-6 1 0 -0.4999969 0.8660272 0 -0.8660253 0.5000004 0 -1 5.76972e-7 0 -0.8660276 -0.4999962 0 -0.5000032 -0.8660236 2.18861e-7 -1.19077e-6 -1 1.21286e-7 0.4999992 -0.866026 0 0.8660238 -0.500003 0 1 -4.00193e-6 0 0.8660272 0.4999969 0 0.4999978 0.8660267 0 -5.45054e-6 1 0 -0.8660252 0.5000005 0 -1 8.22492e-7 0 -0.866026 -0.499999 0 -1.16867e-6 -1 0 0.4999989 -0.8660261 0 0.8660266 -0.499998 0 1 2.35696e-6 0 1 -8.34786e-7 0 0.8660226 0.5000051 0 4.10018e-7 1 0 -0.4999995 0.8660258 0 -0.5000019 0.8660244 0 -0.8660251 0.5000005 0 -1 1.01891e-6 0 -0.8660245 -0.5000017 0 -0.5000005 -0.8660251 -1.72087e-7 -1.14658e-6 -1 -1.30532e-7 0.4999992 -0.866026 0 0.8660249 -0.5000008 0 0.8660256 0.4999997 0 0.5000008 0.866025 0 0.4999979 0.8660266 0 4.41936e-7 1 0 -0.8660252 0.5000004 0 -1 7.80753e-7 0 -0.8660259 -0.4999992 -1.43043e-7 -0.499998 -0.8660266 0 -1.19814e-6 -1 0 0.499999 -0.8660261 0 1 -6.82545e-7 0 0.8660256 0.4999997 0 0.5000001 0.8660253 0 5.18047e-7 1 0 -0.4999991 0.866026 0 -1 8.37223e-7 0 -0.8660257 -0.4999995 0 -0.5000007 -0.866025 0 -1.09747e-6 -1 0 0.4999989 -0.8660261 0 0.866025 -0.5000007 0 1 -6.30986e-7 0 0.8660259 0.4999992 0 0.5000001 0.8660255 0 -0.4999991 0.866026 0 -1 8.42133e-7 0 -0.8660258 -0.4999994 0 -0.5000008 -0.866025 0 -1.06801e-6 -1 0 0.4999988 -0.8660262 0 1 -7.3656e-7 0 -0.8660252 0.5000004 0 -1 8.05305e-7 0 -0.8660261 -0.4999989 0 0.4999991 -0.8660259 0 0.866029 0.4999937 0 0.5000055 0.8660223 0 6.4719e-6 1 0 -0.4999939 0.8660289 0 -0.8660222 0.5000056 0 -1 6.51119e-6 0 -0.8660292 -0.4999936 0 -0.5000056 -0.8660223 0 -7.11026e-6 -1 0 0.4999936 -0.8660292 0 0.866022 -0.500006 0 1 -6.87947e-6</float_array>
          <technique_common>
            <accessor source="#NurbsPath_001-mesh-normals-array" count="521" stride="3">
              <param name="X" type="float"/>
              <param name="Y" type="float"/>
              <param name="Z" type="float"/>
            </accessor>
          </technique_common>
        </source>
        <source id="NurbsPath_001-mesh-map-0">
          <float_array id="NurbsPath_001-mesh-map-0-array" count="6768">0.02127659 1 0 0.9166667 0 1 0.02127659 0.08333331 0 0 0 0.08333331 0 0.1666666 0.02127659 0.08333331 0 0.08333331 0.02127659 0.25 0 0.1666666 0 0.25 0.02127659 0.3333333 0 0.25 0 0.3333333 0.02127659 0.4166666 0 0.3333333 0 0.4166666 0.02127659 0.5 0 0.4166666 0 0.5 0.02127659 0.5833333 0 0.5 0 0.5833333 0.02127659 0.6666667 0 0.5833333 0 0.6666667 0 0.75 0.02127659 0.6666667 0 0.6666667 0.02127659 0.8333333 0 0.75 0 0.8333333 0.02127659 0.9166667 0 0.8333333 0 0.9166667 0.02127659 1 0.04255318 0.9166667 0.02127659 0.9166667 0.02127659 0.08333331 0.04255318 0 0.02127659 0 0.04255318 0.1666666 0.02127659 0.08333331 0.02127659 0.1666666 0.04255318 0.25 0.02127659 0.1666666 0.02127659 0.25 0.04255318 0.3333333 0.02127659 0.25 0.02127659 0.3333333 0.04255318 0.4166666 0.02127659 0.3333333 0.02127659 0.4166666 0.04255318 0.5 0.02127659 0.4166666 0.02127659 0.5 0.02127659 0.5833333 0.04255318 0.5 0.02127659 0.5 0.02127659 0.6666667 0.04255318 0.5833333 0.02127659 0.5833333 0.02127659 0.75 0.04255318 0.6666667 0.02127659 0.6666667 0.04255318 0.8333333 0.02127659 0.75 0.02127659 0.8333333 0.04255318 0.9166667 0.02127659 0.8333333 0.02127659 0.9166667 0.06382977 1 0.04255318 0.9166667 0.04255318 1 0.06382977 0.08333331 0.04255318 0 0.04255318 0.08333331 0.06382977 0.1666666 0.04255318 0.08333331 0.04255318 0.1666666 0.06382977 0.25 0.04255318 0.1666666 0.04255318 0.25 0.06382977 0.3333333 0.04255318 0.25 0.04255318 0.3333333 0.06382977 0.4166666 0.04255318 0.3333333 0.04255318 0.4166666 0.06382977 0.5 0.04255318 0.4166666 0.04255318 0.5 0.06382977 0.5833333 0.04255318 0.5 0.04255318 0.5833333 0.06382977 0.6666667 0.04255318 0.5833333 0.04255318 0.6666667 0.06382977 0.75 0.04255318 0.6666667 0.04255318 0.75 0.06382977 0.8333333 0.04255318 0.75 0.04255318 0.8333333 0.06382977 0.9166667 0.04255318 0.8333333 0.04255318 0.9166667 0.08510637 1 0.06382977 0.9166667 0.06382977 1 0.08510637 0.08333331 0.06382977 0 0.06382977 0.08333331 0.06382977 0.1666666 0.08510637 0.08333331 0.06382977 0.08333331 0.08510637 0.25 0.06382977 0.1666666 0.06382977 0.25 0.06382977 0.3333333 0.08510637 0.25 0.06382977 0.25 0.08510637 0.4166666 0.06382977 0.3333333 0.06382977 0.4166666 0.08510637 0.5 0.06382977 0.4166666 0.06382977 0.5 0.08510637 0.5833333 0.06382977 0.5 0.06382977 0.5833333 0.08510637 0.6666667 0.06382977 0.5833333 0.06382977 0.6666667 0.06382977 0.75 0.08510637 0.6666667 0.06382977 0.6666667 0.08510637 0.8333333 0.06382977 0.75 0.06382977 0.8333333 0.08510637 0.9166667 0.06382977 0.8333333 0.06382977 0.9166667 0.08510637 1 0.106383 0.9166667 0.08510637 0.9166667 0.08510637 0.08333331 0.106383 0 0.08510637 0 0.106383 0.1666666 0.08510637 0.08333331 0.08510637 0.1666666 0.106383 0.25 0.08510637 0.1666666 0.08510637 0.25 0.106383 0.3333333 0.08510637 0.25 0.08510637 0.3333333 0.106383 0.4166666 0.08510637 0.3333333 0.08510637 0.4166666 0.106383 0.5 0.08510637 0.4166666 0.08510637 0.5 0.08510637 0.5833333 0.106383 0.5 0.08510637 0.5 0.106383 0.6666667 0.08510637 0.5833333 0.08510637 0.6666667 0.106383 0.75 0.08510637 0.6666667 0.08510637 0.75 0.106383 0.8333333 0.08510637 0.75 0.08510637 0.8333333 0.106383 0.9166667 0.08510637 0.8333333 0.08510637 0.9166667 0.1276596 1 0.106383 0.9166667 0.106383 1 0.1276596 0.08333331 0.106383 0 0.106383 0.08333331 0.1276596 0.1666666 0.106383 0.08333331 0.106383 0.1666666 0.106383 0.25 0.1276596 0.1666666 0.106383 0.1666666 0.1276596 0.3333333 0.106383 0.25 0.106383 0.3333333 0.1276596 0.4166666 0.106383 0.3333333 0.106383 0.4166666 0.106383 0.5 0.1276596 0.4166666 0.106383 0.4166666 0.1276596 0.5833333 0.106383 0.5 0.106383 0.5833333 0.1276596 0.6666667 0.106383 0.5833333 0.106383 0.6666667 0.1276596 0.75 0.106383 0.6666667 0.106383 0.75 0.1276596 0.8333333 0.106383 0.75 0.106383 0.8333333 0.1276596 0.9166667 0.106383 0.8333333 0.106383 0.9166667 0.1489362 1 0.1276596 0.9166667 0.1276596 1 0.1489362 0.08333331 0.1276596 0 0.1276596 0.08333331 0.1489362 0.1666666 0.1276596 0.08333331 0.1276596 0.1666666 0.1489362 0.25 0.1276596 0.1666666 0.1276596 0.25 0.1489362 0.3333333 0.1276596 0.25 0.1276596 0.3333333 0.1489362 0.4166666 0.1276596 0.3333333 0.1276596 0.4166666 0.1489362 0.5 0.1276596 0.4166666 0.1276596 0.5 0.1489362 0.5833333 0.1276596 0.5 0.1276596 0.5833333 0.1489362 0.6666667 0.1276596 0.5833333 0.1276596 0.6666667 0.1489362 0.75 0.1276596 0.6666667 0.1276596 0.75 0.1489362 0.8333333 0.1276596 0.75 0.1276596 0.8333333 0.1489362 0.9166667 0.1276596 0.8333333 0.1276596 0.9166667 0.1702128 1 0.1489362 0.9166667 0.1489362 1 0.1702128 0.08333331 0.1489362 0 0.1489362 0.08333331 0.1702128 0.1666666 0.1489362 0.08333331 0.1489362 0.1666666 0.1702128 0.25 0.1489362 0.1666666 0.1489362 0.25 0.1702128 0.3333333 0.1489362 0.25 0.1489362 0.3333333 0.1702128 0.4166666 0.1489362 0.3333333 0.1489362 0.4166666 0.1702128 0.5 0.1489362 0.4166666 0.1489362 0.5 0.1702128 0.5833333 0.1489362 0.5 0.1489362 0.5833333 0.1702128 0.6666667 0.1489362 0.5833333 0.1489362 0.6666667 0.1702128 0.75 0.1489362 0.6666667 0.1489362 0.75 0.1702128 0.8333333 0.1489362 0.75 0.1489362 0.8333333 0.1702128 0.9166667 0.1489362 0.8333333 0.1489362 0.9166667 0.1702128 1 0.1914893 0.9166667 0.1702128 0.9166667 0.1914893 0.08333331 0.1702128 0 0.1702128 0.08333331 0.1914893 0.1666666 0.1702128 0.08333331 0.1702128 0.1666666 0.1914893 0.25 0.1702128 0.1666666 0.1702128 0.25 0.1914893 0.3333333 0.1702128 0.25 0.1702128 0.3333333 0.1914893 0.4166666 0.1702128 0.3333333 0.1702128 0.4166666 0.1914893 0.5 0.1702128 0.4166666 0.1702128 0.5 0.1914893 0.5833333 0.1702128 0.5 0.1702128 0.5833333 0.1914893 0.6666667 0.1702128 0.5833333 0.1702128 0.6666667 0.1914893 0.75 0.1702128 0.6666667 0.1702128 0.75 0.1914893 0.8333333 0.1702128 0.75 0.1702128 0.8333333 0.1914893 0.9166667 0.1702128 0.8333333 0.1702128 0.9166667 0.2127659 1 0.1914893 0.9166667 0.1914893 1 0.2127659 0.08333331 0.1914893 0 0.1914893 0.08333331 0.2127659 0.1666666 0.1914893 0.08333331 0.1914893 0.1666666 0.2127659 0.25 0.1914893 0.1666666 0.1914893 0.25 0.2127659 0.3333333 0.1914893 0.25 0.1914893 0.3333333 0.2127659 0.4166666 0.1914893 0.3333333 0.1914893 0.4166666 0.2127659 0.5 0.1914893 0.4166666 0.1914893 0.5 0.2127659 0.5833333 0.1914893 0.5 0.1914893 0.5833333 0.2127659 0.6666667 0.1914893 0.5833333 0.1914893 0.6666667 0.2127659 0.75 0.1914893 0.6666667 0.1914893 0.75 0.2127659 0.8333333 0.1914893 0.75 0.1914893 0.8333333 0.2127659 0.9166667 0.1914893 0.8333333 0.1914893 0.9166667 0.2340425 1 0.2127659 0.9166667 0.2127659 1 0.2340425 0.08333331 0.2127659 0 0.2127659 0.08333331 0.2340425 0.1666666 0.2127659 0.08333331 0.2127659 0.1666666 0.2340425 0.25 0.2127659 0.1666666 0.2127659 0.25 0.2340425 0.3333333 0.2127659 0.25 0.2127659 0.3333333 0.2340425 0.4166666 0.2127659 0.3333333 0.2127659 0.4166666 0.2340425 0.5 0.2127659 0.4166666 0.2127659 0.5 0.2340425 0.5833333 0.2127659 0.5 0.2127659 0.5833333 0.2340425 0.6666667 0.2127659 0.5833333 0.2127659 0.6666667 0.2340425 0.75 0.2127659 0.6666667 0.2127659 0.75 0.2127659 0.8333333 0.2340425 0.75 0.2127659 0.75 0.2340425 0.9166667 0.2127659 0.8333333 0.2127659 0.9166667 0.2553191 1 0.2340425 0.9166667 0.2340425 1 0.2553191 0.08333331 0.2340425 0 0.2340425 0.08333331 0.2553191 0.1666666 0.2340425 0.08333331 0.2340425 0.1666666 0.2553191 0.25 0.2340425 0.1666666 0.2340425 0.25 0.2553191 0.3333333 0.2340425 0.25 0.2340425 0.3333333 0.2553191 0.4166666 0.2340425 0.3333333 0.2340425 0.4166666 0.2553191 0.5 0.2340425 0.4166666 0.2340425 0.5 0.2553191 0.5833333 0.2340425 0.5 0.2340425 0.5833333 0.2340425 0.6666667 0.2553191 0.5833333 0.2340425 0.5833333 0.2553191 0.75 0.2340425 0.6666667 0.2340425 0.75 0.2553191 0.8333333 0.2340425 0.75 0.2340425 0.8333333 0.2553191 0.9166667 0.2340425 0.8333333 0.2340425 0.9166667 0.2765957 1 0.2553191 0.9166667 0.2553191 1 0.2765957 0.08333331 0.2553191 0 0.2553191 0.08333331 0.2765957 0.1666666 0.2553191 0.08333331 0.2553191 0.1666666 0.2765957 0.25 0.2553191 0.1666666 0.2553191 0.25 0.2765957 0.3333333 0.2553191 0.25 0.2553191 0.3333333 0.2765957 0.4166666 0.2553191 0.3333333 0.2553191 0.4166666 0.2765957 0.5 0.2553191 0.4166666 0.2553191 0.5 0.2765957 0.5833333 0.2553191 0.5 0.2553191 0.5833333 0.2765957 0.6666667 0.2553191 0.5833333 0.2553191 0.6666667 0.2765957 0.75 0.2553191 0.6666667 0.2553191 0.75 0.2765957 0.8333333 0.2553191 0.75 0.2553191 0.8333333 0.2765957 0.9166667 0.2553191 0.8333333 0.2553191 0.9166667 0.2978723 1 0.2765957 0.9166667 0.2765957 1 0.2978723 0.08333331 0.2765957 0 0.2765957 0.08333331 0.2978723 0.1666666 0.2765957 0.08333331 0.2765957 0.1666666 0.2978723 0.25 0.2765957 0.1666666 0.2765957 0.25 0.2978723 0.3333333 0.2765957 0.25 0.2765957 0.3333333 0.2978723 0.4166666 0.2765957 0.3333333 0.2765957 0.4166666 0.2978723 0.5 0.2765957 0.4166666 0.2765957 0.5 0.2978723 0.5833333 0.2765957 0.5 0.2765957 0.5833333 0.2978723 0.6666667 0.2765957 0.5833333 0.2765957 0.6666667 0.2978723 0.75 0.2765957 0.6666667 0.2765957 0.75 0.2978723 0.8333333 0.2765957 0.75 0.2765957 0.8333333 0.2978723 0.9166667 0.2765957 0.8333333 0.2765957 0.9166667 0.3191489 1 0.2978723 0.9166667 0.2978723 1 0.3191489 0.08333331 0.2978723 0 0.2978723 0.08333331 0.3191489 0.1666666 0.2978723 0.08333331 0.2978723 0.1666666 0.3191489 0.25 0.2978723 0.1666666 0.2978723 0.25 0.3191489 0.3333333 0.2978723 0.25 0.2978723 0.3333333 0.3191489 0.4166666 0.2978723 0.3333333 0.2978723 0.4166666 0.3191489 0.5 0.2978723 0.4166666 0.2978723 0.5 0.3191489 0.5833333 0.2978723 0.5 0.2978723 0.5833333 0.3191489 0.6666667 0.2978723 0.5833333 0.2978723 0.6666667 0.3191489 0.75 0.2978723 0.6666667 0.2978723 0.75 0.3191489 0.8333333 0.2978723 0.75 0.2978723 0.8333333 0.3191489 0.9166667 0.2978723 0.8333333 0.2978723 0.9166667 0.3404255 1 0.3191489 0.9166667 0.3191489 1 0.3404255 0.08333331 0.3191489 0 0.3191489 0.08333331 0.3404255 0.1666666 0.3191489 0.08333331 0.3191489 0.1666666 0.3404255 0.25 0.3191489 0.1666666 0.3191489 0.25 0.3404255 0.3333333 0.3191489 0.25 0.3191489 0.3333333 0.3191489 0.4166666 0.3404255 0.3333333 0.3191489 0.3333333 0.3404255 0.5 0.3191489 0.4166666 0.3191489 0.5 0.3404255 0.5833333 0.3191489 0.5 0.3191489 0.5833333 0.3404255 0.6666667 0.3191489 0.5833333 0.3191489 0.6666667 0.3404255 0.75 0.3191489 0.6666667 0.3191489 0.75 0.3404255 0.8333333 0.3191489 0.75 0.3191489 0.8333333 0.3404255 0.9166667 0.3191489 0.8333333 0.3191489 0.9166667 0.3617021 1 0.3404255 0.9166667 0.3404255 1 0.3617021 0.08333331 0.3404255 0 0.3404255 0.08333331 0.3617021 0.1666666 0.3404255 0.08333331 0.3404255 0.1666666 0.3617021 0.25 0.3404255 0.1666666 0.3404255 0.25 0.3617021 0.3333333 0.3404255 0.25 0.3404255 0.3333333 0.3617021 0.4166666 0.3404255 0.3333333 0.3404255 0.4166666 0.3617021 0.5 0.3404255 0.4166666 0.3404255 0.5 0.3617021 0.5833333 0.3404255 0.5 0.3404255 0.5833333 0.3617021 0.6666667 0.3404255 0.5833333 0.3404255 0.6666667 0.3617021 0.75 0.3404255 0.6666667 0.3404255 0.75 0.3617021 0.8333333 0.3404255 0.75 0.3404255 0.8333333 0.3617021 0.9166667 0.3404255 0.8333333 0.3404255 0.9166667 0.3617021 1 0.3829787 0.9166667 0.3617021 0.9166667 0.3829787 0.08333331 0.3617021 0 0.3617021 0.08333331 0.3829787 0.1666666 0.3617021 0.08333331 0.3617021 0.1666666 0.3829787 0.25 0.3617021 0.1666666 0.3617021 0.25 0.3829787 0.3333333 0.3617021 0.25 0.3617021 0.3333333 0.3829787 0.4166666 0.3617021 0.3333333 0.3617021 0.4166666 0.3829787 0.5 0.3617021 0.4166666 0.3617021 0.5 0.3829787 0.5833333 0.3617021 0.5 0.3617021 0.5833333 0.3829787 0.6666667 0.3617021 0.5833333 0.3617021 0.6666667 0.3617021 0.75 0.3829787 0.6666667 0.3617021 0.6666667 0.3829787 0.8333333 0.3617021 0.75 0.3617021 0.8333333 0.3829787 0.9166667 0.3617021 0.8333333 0.3617021 0.9166667 0.4042553 1 0.3829787 0.9166667 0.3829787 1 0.3829787 0.08333331 0.4042553 0 0.3829787 0 0.3829787 0.1666666 0.4042553 0.08333331 0.3829787 0.08333331 0.4042553 0.25 0.3829787 0.1666666 0.3829787 0.25 0.4042553 0.3333333 0.3829787 0.25 0.3829787 0.3333333 0.4042553 0.4166666 0.3829787 0.3333333 0.3829787 0.4166666 0.4042553 0.5 0.3829787 0.4166666 0.3829787 0.5 0.4042553 0.5833333 0.3829787 0.5 0.3829787 0.5833333 0.3829787 0.6666667 0.4042553 0.5833333 0.3829787 0.5833333 0.4042553 0.75 0.3829787 0.6666667 0.3829787 0.75 0.4042553 0.8333333 0.3829787 0.75 0.3829787 0.8333333 0.4042553 0.9166667 0.3829787 0.8333333 0.3829787 0.9166667 0.4255319 1 0.4042553 0.9166667 0.4042553 1 0.4255319 0.08333331 0.4042553 0 0.4042553 0.08333331 0.4255319 0.1666666 0.4042553 0.08333331 0.4042553 0.1666666 0.4255319 0.25 0.4042553 0.1666666 0.4042553 0.25 0.4255319 0.3333333 0.4042553 0.25 0.4042553 0.3333333 0.4255319 0.4166666 0.4042553 0.3333333 0.4042553 0.4166666 0.4255319 0.5 0.4042553 0.4166666 0.4042553 0.5 0.4255319 0.5833333 0.4042553 0.5 0.4042553 0.5833333 0.4255319 0.6666667 0.4042553 0.5833333 0.4042553 0.6666667 0.4255319 0.75 0.4042553 0.6666667 0.4042553 0.75 0.4255319 0.8333333 0.4042553 0.75 0.4042553 0.8333333 0.4255319 0.9166667 0.4042553 0.8333333 0.4042553 0.9166667 0.4468085 1 0.4255319 0.9166667 0.4255319 1 0.4468085 0.08333331 0.4255319 0 0.4255319 0.08333331 0.4468085 0.1666666 0.4255319 0.08333331 0.4255319 0.1666666 0.4468085 0.25 0.4255319 0.1666666 0.4255319 0.25 0.4468085 0.3333333 0.4255319 0.25 0.4255319 0.3333333 0.4468085 0.4166666 0.4255319 0.3333333 0.4255319 0.4166666 0.4468085 0.5 0.4255319 0.4166666 0.4255319 0.5 0.4468085 0.5833333 0.4255319 0.5 0.4255319 0.5833333 0.4468085 0.6666667 0.4255319 0.5833333 0.4255319 0.6666667 0.4468085 0.75 0.4255319 0.6666667 0.4255319 0.75 0.4468085 0.8333333 0.4255319 0.75 0.4255319 0.8333333 0.4468085 0.9166667 0.4255319 0.8333333 0.4255319 0.9166667 0.4680851 1 0.4468085 0.9166667 0.4468085 1 0.4680851 0.08333331 0.4468085 0 0.4468085 0.08333331 0.4680851 0.1666666 0.4468085 0.08333331 0.4468085 0.1666666 0.4680851 0.25 0.4468085 0.1666666 0.4468085 0.25 0.4680851 0.3333333 0.4468085 0.25 0.4468085 0.3333333 0.4680851 0.4166666 0.4468085 0.3333333 0.4468085 0.4166666 0.4680851 0.5 0.4468085 0.4166666 0.4468085 0.5 0.4680851 0.5833333 0.4468085 0.5 0.4468085 0.5833333 0.4680851 0.6666667 0.4468085 0.5833333 0.4468085 0.6666667 0.4680851 0.75 0.4468085 0.6666667 0.4468085 0.75 0.4680851 0.8333333 0.4468085 0.75 0.4468085 0.8333333 0.4680851 0.9166667 0.4468085 0.8333333 0.4468085 0.9166667 0.4680851 1 0.4893617 0.9166667 0.4680851 0.9166667 0.4893617 0.08333331 0.4680851 0 0.4680851 0.08333331 0.4893617 0.1666666 0.4680851 0.08333331 0.4680851 0.1666666 0.4893617 0.25 0.4680851 0.1666666 0.4680851 0.25 0.4893617 0.3333333 0.4680851 0.25 0.4680851 0.3333333 0.4893617 0.4166666 0.4680851 0.3333333 0.4680851 0.4166666 0.4893617 0.5 0.4680851 0.4166666 0.4680851 0.5 0.4680851 0.5833333 0.4893617 0.5 0.4680851 0.5 0.4893617 0.6666667 0.4680851 0.5833333 0.4680851 0.6666667 0.4893617 0.75 0.4680851 0.6666667 0.4680851 0.75 0.4893617 0.8333333 0.4680851 0.75 0.4680851 0.8333333 0.4893617 0.9166667 0.4680851 0.8333333 0.4680851 0.9166667 0.5106383 1 0.4893617 0.9166667 0.4893617 1 0.5106383 0.08333331 0.4893617 0 0.4893617 0.08333331 0.5106383 0.1666666 0.4893617 0.08333331 0.4893617 0.1666666 0.5106383 0.25 0.4893617 0.1666666 0.4893617 0.25 0.5106383 0.3333333 0.4893617 0.25 0.4893617 0.3333333 0.4893617 0.4166666 0.5106383 0.3333333 0.4893617 0.3333333 0.5106383 0.5 0.4893617 0.4166666 0.4893617 0.5 0.4893617 0.5833333 0.5106383 0.5 0.4893617 0.5 0.5106383 0.6666667 0.4893617 0.5833333 0.4893617 0.6666667 0.5106383 0.75 0.4893617 0.6666667 0.4893617 0.75 0.5106383 0.8333333 0.4893617 0.75 0.4893617 0.8333333 0.4893617 0.9166667 0.5106383 0.8333333 0.4893617 0.8333333 0.5319149 1 0.5106383 0.9166667 0.5106383 1 0.5319149 0.08333331 0.5106383 0 0.5106383 0.08333331 0.5319149 0.1666666 0.5106383 0.08333331 0.5106383 0.1666666 0.5319149 0.25 0.5106383 0.1666666 0.5106383 0.25 0.5319149 0.3333333 0.5106383 0.25 0.5106383 0.3333333 0.5319149 0.4166666 0.5106383 0.3333333 0.5106383 0.4166666 0.5319149 0.5 0.5106383 0.4166666 0.5106383 0.5 0.5319149 0.5833333 0.5106383 0.5 0.5106383 0.5833333 0.5319149 0.6666667 0.5106383 0.5833333 0.5106383 0.6666667 0.5319149 0.75 0.5106383 0.6666667 0.5106383 0.75 0.5319149 0.8333333 0.5106383 0.75 0.5106383 0.8333333 0.5319149 0.9166667 0.5106383 0.8333333 0.5106383 0.9166667 0.5531915 1 0.5319149 0.9166667 0.5319149 1 0.5531915 0.08333331 0.5319149 0 0.5319149 0.08333331 0.5531915 0.1666666 0.5319149 0.08333331 0.5319149 0.1666666 0.5319149 0.25 0.5531915 0.1666666 0.5319149 0.1666666 0.5531915 0.3333333 0.5319149 0.25 0.5319149 0.3333333 0.5531915 0.4166666 0.5319149 0.3333333 0.5319149 0.4166666 0.5531915 0.5 0.5319149 0.4166666 0.5319149 0.5 0.5531915 0.5833333 0.5319149 0.5 0.5319149 0.5833333 0.5531915 0.6666667 0.5319149 0.5833333 0.5319149 0.6666667 0.5531915 0.75 0.5319149 0.6666667 0.5319149 0.75 0.5531915 0.8333333 0.5319149 0.75 0.5319149 0.8333333 0.5531915 0.9166667 0.5319149 0.8333333 0.5319149 0.9166667 0.5744681 1 0.5531915 0.9166667 0.5531915 1 0.5744681 0.08333331 0.5531915 0 0.5531915 0.08333331 0.5744681 0.1666666 0.5531915 0.08333331 0.5531915 0.1666666 0.5744681 0.25 0.5531915 0.1666666 0.5531915 0.25 0.5744681 0.3333333 0.5531915 0.25 0.5531915 0.3333333 0.5744681 0.4166666 0.5531915 0.3333333 0.5531915 0.4166666 0.5744681 0.5 0.5531915 0.4166666 0.5531915 0.5 0.5744681 0.5833333 0.5531915 0.5 0.5531915 0.5833333 0.5744681 0.6666667 0.5531915 0.5833333 0.5531915 0.6666667 0.5744681 0.75 0.5531915 0.6666667 0.5531915 0.75 0.5744681 0.8333333 0.5531915 0.75 0.5531915 0.8333333 0.5744681 0.9166667 0.5531915 0.8333333 0.5531915 0.9166667 0.5957447 1 0.5744681 0.9166667 0.5744681 1 0.5957447 0.08333331 0.5744681 0 0.5744681 0.08333331 0.5957447 0.1666666 0.5744681 0.08333331 0.5744681 0.1666666 0.5957447 0.25 0.5744681 0.1666666 0.5744681 0.25 0.5957447 0.3333333 0.5744681 0.25 0.5744681 0.3333333 0.5957447 0.4166666 0.5744681 0.3333333 0.5744681 0.4166666 0.5957447 0.5 0.5744681 0.4166666 0.5744681 0.5 0.5957447 0.5833333 0.5744681 0.5 0.5744681 0.5833333 0.5957447 0.6666667 0.5744681 0.5833333 0.5744681 0.6666667 0.5957447 0.75 0.5744681 0.6666667 0.5744681 0.75 0.5957447 0.8333333 0.5744681 0.75 0.5744681 0.8333333 0.5957447 0.9166667 0.5744681 0.8333333 0.5744681 0.9166667 0.6170213 1 0.5957447 0.9166667 0.5957447 1 0.5957447 0.08333331 0.6170213 0 0.5957447 0 0.5957447 0.1666666 0.6170213 0.08333331 0.5957447 0.08333331 0.6170213 0.25 0.5957447 0.1666666 0.5957447 0.25 0.6170213 0.3333333 0.5957447 0.25 0.5957447 0.3333333 0.6170213 0.4166666 0.5957447 0.3333333 0.5957447 0.4166666 0.6170213 0.5 0.5957447 0.4166666 0.5957447 0.5 0.5957447 0.5833333 0.6170213 0.5 0.5957447 0.5 0.5957447 0.6666667 0.6170213 0.5833333 0.5957447 0.5833333 0.6170213 0.75 0.5957447 0.6666667 0.5957447 0.75 0.6170213 0.8333333 0.5957447 0.75 0.5957447 0.8333333 0.6170213 0.9166667 0.5957447 0.8333333 0.5957447 0.9166667 0.6382979 1 0.6170213 0.9166667 0.6170213 1 0.6382979 0.08333331 0.6170213 0 0.6170213 0.08333331 0.6382979 0.1666666 0.6170213 0.08333331 0.6170213 0.1666666 0.6382979 0.25 0.6170213 0.1666666 0.6170213 0.25 0.6382979 0.3333333 0.6170213 0.25 0.6170213 0.3333333 0.6382979 0.4166666 0.6170213 0.3333333 0.6170213 0.4166666 0.6382979 0.5 0.6170213 0.4166666 0.6170213 0.5 0.6382979 0.5833333 0.6170213 0.5 0.6170213 0.5833333 0.6382979 0.6666667 0.6170213 0.5833333 0.6170213 0.6666667 0.6382979 0.75 0.6170213 0.6666667 0.6170213 0.75 0.6382979 0.8333333 0.6170213 0.75 0.6170213 0.8333333 0.6382979 0.9166667 0.6170213 0.8333333 0.6170213 0.9166667 0.6595745 1 0.6382979 0.9166667 0.6382979 1 0.6595745 0.08333331 0.6382979 0 0.6382979 0.08333331 0.6595745 0.1666666 0.6382979 0.08333331 0.6382979 0.1666666 0.6595745 0.25 0.6382979 0.1666666 0.6382979 0.25 0.6595745 0.3333333 0.6382979 0.25 0.6382979 0.3333333 0.6595745 0.4166666 0.6382979 0.3333333 0.6382979 0.4166666 0.6595745 0.5 0.6382979 0.4166666 0.6382979 0.5 0.6595745 0.5833333 0.6382979 0.5 0.6382979 0.5833333 0.6595745 0.6666667 0.6382979 0.5833333 0.6382979 0.6666667 0.6595745 0.75 0.6382979 0.6666667 0.6382979 0.75 0.6595745 0.8333333 0.6382979 0.75 0.6382979 0.8333333 0.6595745 0.9166667 0.6382979 0.8333333 0.6382979 0.9166667 0.6808511 1 0.6595745 0.9166667 0.6595745 1 0.6808511 0.08333331 0.6595745 0 0.6595745 0.08333331 0.6808511 0.1666666 0.6595745 0.08333331 0.6595745 0.1666666 0.6808511 0.25 0.6595745 0.1666666 0.6595745 0.25 0.6808511 0.3333333 0.6595745 0.25 0.6595745 0.3333333 0.6808511 0.4166666 0.6595745 0.3333333 0.6595745 0.4166666 0.6808511 0.5 0.6595745 0.4166666 0.6595745 0.5 0.6808511 0.5833333 0.6595745 0.5 0.6595745 0.5833333 0.6808511 0.6666667 0.6595745 0.5833333 0.6595745 0.6666667 0.6808511 0.75 0.6595745 0.6666667 0.6595745 0.75 0.6808511 0.8333333 0.6595745 0.75 0.6595745 0.8333333 0.6808511 0.9166667 0.6595745 0.8333333 0.6595745 0.9166667 0.7021276 1 0.6808511 0.9166667 0.6808511 1 0.7021276 0.08333331 0.6808511 0 0.6808511 0.08333331 0.7021276 0.1666666 0.6808511 0.08333331 0.6808511 0.1666666 0.7021276 0.25 0.6808511 0.1666666 0.6808511 0.25 0.7021276 0.3333333 0.6808511 0.25 0.6808511 0.3333333 0.7021276 0.4166666 0.6808511 0.3333333 0.6808511 0.4166666 0.7021276 0.5 0.6808511 0.4166666 0.6808511 0.5 0.7021276 0.5833333 0.6808511 0.5 0.6808511 0.5833333 0.7021276 0.6666667 0.6808511 0.5833333 0.6808511 0.6666667 0.7021276 0.75 0.6808511 0.6666667 0.6808511 0.75 0.7021276 0.8333333 0.6808511 0.75 0.6808511 0.8333333 0.7021276 0.9166667 0.6808511 0.8333333 0.6808511 0.9166667 0.7234042 1 0.7021276 0.9166667 0.7021276 1 0.7234042 0.08333331 0.7021276 0 0.7021276 0.08333331 0.7234042 0.1666666 0.7021276 0.08333331 0.7021276 0.1666666 0.7234042 0.25 0.7021276 0.1666666 0.7021276 0.25 0.7234042 0.3333333 0.7021276 0.25 0.7021276 0.3333333 0.7234042 0.4166666 0.7021276 0.3333333 0.7021276 0.4166666 0.7234042 0.5 0.7021276 0.4166666 0.7021276 0.5 0.7234042 0.5833333 0.7021276 0.5 0.7021276 0.5833333 0.7234042 0.6666667 0.7021276 0.5833333 0.7021276 0.6666667 0.7234042 0.75 0.7021276 0.6666667 0.7021276 0.75 0.7234042 0.8333333 0.7021276 0.75 0.7021276 0.8333333 0.7234042 0.9166667 0.7021276 0.8333333 0.7021276 0.9166667 0.7446808 1 0.7234042 0.9166667 0.7234042 1 0.7446808 0.08333331 0.7234042 0 0.7234042 0.08333331 0.7446808 0.1666666 0.7234042 0.08333331 0.7234042 0.1666666 0.7446808 0.25 0.7234042 0.1666666 0.7234042 0.25 0.7446808 0.3333333 0.7234042 0.25 0.7234042 0.3333333 0.7446808 0.4166666 0.7234042 0.3333333 0.7234042 0.4166666 0.7446808 0.5 0.7234042 0.4166666 0.7234042 0.5 0.7446808 0.5833333 0.7234042 0.5 0.7234042 0.5833333 0.7446808 0.6666667 0.7234042 0.5833333 0.7234042 0.6666667 0.7446808 0.75 0.7234042 0.6666667 0.7234042 0.75 0.7446808 0.8333333 0.7234042 0.75 0.7234042 0.8333333 0.7446808 0.9166667 0.7234042 0.8333333 0.7234042 0.9166667 0.7659575 1 0.7446808 0.9166667 0.7446808 1 0.7659575 0.08333331 0.7446808 0 0.7446808 0.08333331 0.7659575 0.1666666 0.7446808 0.08333331 0.7446808 0.1666666 0.7659575 0.25 0.7446808 0.1666666 0.7446808 0.25 0.7659575 0.3333333 0.7446808 0.25 0.7446808 0.3333333 0.7659575 0.4166666 0.7446808 0.3333333 0.7446808 0.4166666 0.7659575 0.5 0.7446808 0.4166666 0.7446808 0.5 0.7659575 0.5833333 0.7446808 0.5 0.7446808 0.5833333 0.7659575 0.6666667 0.7446808 0.5833333 0.7446808 0.6666667 0.7659575 0.75 0.7446808 0.6666667 0.7446808 0.75 0.7659575 0.8333333 0.7446808 0.75 0.7446808 0.8333333 0.7659575 0.9166667 0.7446808 0.8333333 0.7446808 0.9166667 0.7872341 1 0.7659575 0.9166667 0.7659575 1 0.7872341 0.08333331 0.7659575 0 0.7659575 0.08333331 0.7872341 0.1666666 0.7659575 0.08333331 0.7659575 0.1666666 0.7872341 0.25 0.7659575 0.1666666 0.7659575 0.25 0.7872341 0.3333333 0.7659575 0.25 0.7659575 0.3333333 0.7872341 0.4166666 0.7659575 0.3333333 0.7659575 0.4166666 0.7872341 0.5 0.7659575 0.4166666 0.7659575 0.5 0.7872341 0.5833333 0.7659575 0.5 0.7659575 0.5833333 0.7872341 0.6666667 0.7659575 0.5833333 0.7659575 0.6666667 0.7872341 0.75 0.7659575 0.6666667 0.7659575 0.75 0.7872341 0.8333333 0.7659575 0.75 0.7659575 0.8333333 0.7872341 0.9166667 0.7659575 0.8333333 0.7659575 0.9166667 0.8085107 1 0.7872341 0.9166667 0.7872341 1 0.8085107 0.08333331 0.7872341 0 0.7872341 0.08333331 0.8085107 0.1666666 0.7872341 0.08333331 0.7872341 0.1666666 0.8085107 0.25 0.7872341 0.1666666 0.7872341 0.25 0.8085107 0.3333333 0.7872341 0.25 0.7872341 0.3333333 0.8085107 0.4166666 0.7872341 0.3333333 0.7872341 0.4166666 0.8085107 0.5 0.7872341 0.4166666 0.7872341 0.5 0.8085107 0.5833333 0.7872341 0.5 0.7872341 0.5833333 0.8085107 0.6666667 0.7872341 0.5833333 0.7872341 0.6666667 0.8085107 0.75 0.7872341 0.6666667 0.7872341 0.75 0.8085107 0.8333333 0.7872341 0.75 0.7872341 0.8333333 0.8085107 0.9166667 0.7872341 0.8333333 0.7872341 0.9166667 0.8297873 1 0.8085107 0.9166667 0.8085107 1 0.8297873 0.08333331 0.8085107 0 0.8085107 0.08333331 0.8297873 0.1666666 0.8085107 0.08333331 0.8085107 0.1666666 0.8297873 0.25 0.8085107 0.1666666 0.8085107 0.25 0.8297873 0.3333333 0.8085107 0.25 0.8085107 0.3333333 0.8297873 0.4166666 0.8085107 0.3333333 0.8085107 0.4166666 0.8297873 0.5 0.8085107 0.4166666 0.8085107 0.5 0.8297873 0.5833333 0.8085107 0.5 0.8085107 0.5833333 0.8297873 0.6666667 0.8085107 0.5833333 0.8085107 0.6666667 0.8297873 0.75 0.8085107 0.6666667 0.8085107 0.75 0.8297873 0.8333333 0.8085107 0.75 0.8085107 0.8333333 0.8297873 0.9166667 0.8085107 0.8333333 0.8085107 0.9166667 0.8510639 1 0.8297873 0.9166667 0.8297873 1 0.8510639 0.08333331 0.8297873 0 0.8297873 0.08333331 0.8510639 0.1666666 0.8297873 0.08333331 0.8297873 0.1666666 0.8510639 0.25 0.8297873 0.1666666 0.8297873 0.25 0.8510639 0.3333333 0.8297873 0.25 0.8297873 0.3333333 0.8510639 0.4166666 0.8297873 0.3333333 0.8297873 0.4166666 0.8510639 0.5 0.8297873 0.4166666 0.8297873 0.5 0.8510639 0.5833333 0.8297873 0.5 0.8297873 0.5833333 0.8510639 0.6666667 0.8297873 0.5833333 0.8297873 0.6666667 0.8510639 0.75 0.8297873 0.6666667 0.8297873 0.75 0.8510639 0.8333333 0.8297873 0.75 0.8297873 0.8333333 0.8510639 0.9166667 0.8297873 0.8333333 0.8297873 0.9166667 0.8723405 1 0.8510639 0.9166667 0.8510639 1 0.8510639 0.08333331 0.8723405 0 0.8510639 0 0.8510639 0.1666666 0.8723405 0.08333331 0.8510639 0.08333331 0.8510639 0.25 0.8723405 0.1666666 0.8510639 0.1666666 0.8723405 0.3333333 0.8510639 0.25 0.8510639 0.3333333 0.8723405 0.4166666 0.8510639 0.3333333 0.8510639 0.4166666 0.8723405 0.5 0.8510639 0.4166666 0.8510639 0.5 0.8510639 0.5833333 0.8723405 0.5 0.8510639 0.5 0.8723405 0.6666667 0.8510639 0.5833333 0.8510639 0.6666667 0.8723405 0.75 0.8510639 0.6666667 0.8510639 0.75 0.8723405 0.8333333 0.8510639 0.75 0.8510639 0.8333333 0.8510639 0.9166667 0.8723405 0.8333333 0.8510639 0.8333333 0.8723405 1 0.893617 0.9166667 0.8723405 0.9166667 0.8723405 0.08333331 0.893617 0 0.8723405 0 0.893617 0.1666666 0.8723405 0.08333331 0.8723405 0.1666666 0.893617 0.25 0.8723405 0.1666666 0.8723405 0.25 0.893617 0.3333333 0.8723405 0.25 0.8723405 0.3333333 0.893617 0.4166666 0.8723405 0.3333333 0.8723405 0.4166666 0.893617 0.5 0.8723405 0.4166666 0.8723405 0.5 0.8723405 0.5833333 0.893617 0.5 0.8723405 0.5 0.893617 0.6666667 0.8723405 0.5833333 0.8723405 0.6666667 0.893617 0.75 0.8723405 0.6666667 0.8723405 0.75 0.893617 0.8333333 0.8723405 0.75 0.8723405 0.8333333 0.893617 0.9166667 0.8723405 0.8333333 0.8723405 0.9166667 0.9148936 1 0.893617 0.9166667 0.893617 1 0.9148936 0.08333331 0.893617 0 0.893617 0.08333331 0.9148936 0.1666666 0.893617 0.08333331 0.893617 0.1666666 0.9148936 0.25 0.893617 0.1666666 0.893617 0.25 0.9148936 0.3333333 0.893617 0.25 0.893617 0.3333333 0.9148936 0.4166666 0.893617 0.3333333 0.893617 0.4166666 0.9148936 0.5 0.893617 0.4166666 0.893617 0.5 0.9148936 0.5833333 0.893617 0.5 0.893617 0.5833333 0.9148936 0.6666667 0.893617 0.5833333 0.893617 0.6666667 0.9148936 0.75 0.893617 0.6666667 0.893617 0.75 0.9148936 0.8333333 0.893617 0.75 0.893617 0.8333333 0.9148936 0.9166667 0.893617 0.8333333 0.893617 0.9166667 0.9361702 1 0.9148936 0.9166667 0.9148936 1 0.9361702 0.08333331 0.9148936 0 0.9148936 0.08333331 0.9361702 0.1666666 0.9148936 0.08333331 0.9148936 0.1666666 0.9361702 0.25 0.9148936 0.1666666 0.9148936 0.25 0.9361702 0.3333333 0.9148936 0.25 0.9148936 0.3333333 0.9361702 0.4166666 0.9148936 0.3333333 0.9148936 0.4166666 0.9361702 0.5 0.9148936 0.4166666 0.9148936 0.5 0.9361702 0.5833333 0.9148936 0.5 0.9148936 0.5833333 0.9361702 0.6666667 0.9148936 0.5833333 0.9148936 0.6666667 0.9361702 0.75 0.9148936 0.6666667 0.9148936 0.75 0.9361702 0.8333333 0.9148936 0.75 0.9148936 0.8333333 0.9361702 0.9166667 0.9148936 0.8333333 0.9148936 0.9166667 0.9574468 1 0.9361702 0.9166667 0.9361702 1 0.9574468 0.08333331 0.9361702 0 0.9361702 0.08333331 0.9574468 0.1666666 0.9361702 0.08333331 0.9361702 0.1666666 0.9574468 0.25 0.9361702 0.1666666 0.9361702 0.25 0.9574468 0.3333333 0.9361702 0.25 0.9361702 0.3333333 0.9574468 0.4166666 0.9361702 0.3333333 0.9361702 0.4166666 0.9574468 0.5 0.9361702 0.4166666 0.9361702 0.5 0.9574468 0.5833333 0.9361702 0.5 0.9361702 0.5833333 0.9574468 0.6666667 0.9361702 0.5833333 0.9361702 0.6666667 0.9574468 0.75 0.9361702 0.6666667 0.9361702 0.75 0.9574468 0.8333333 0.9361702 0.75 0.9361702 0.8333333 0.9574468 0.9166667 0.9361702 0.8333333 0.9361702 0.9166667 0.9787234 1 0.9574468 0.9166667 0.9574468 1 0.9787234 0.08333331 0.9574468 0 0.9574468 0.08333331 0.9787234 0.1666666 0.9574468 0.08333331 0.9574468 0.1666666 0.9787234 0.25 0.9574468 0.1666666 0.9574468 0.25 0.9787234 0.3333333 0.9574468 0.25 0.9574468 0.3333333 0.9787234 0.4166666 0.9574468 0.3333333 0.9574468 0.4166666 0.9787234 0.5 0.9574468 0.4166666 0.9574468 0.5 0.9787234 0.5833333 0.9574468 0.5 0.9574468 0.5833333 0.9787234 0.6666667 0.9574468 0.5833333 0.9574468 0.6666667 0.9787234 0.75 0.9574468 0.6666667 0.9574468 0.75 0.9787234 0.8333333 0.9574468 0.75 0.9574468 0.8333333 0.9787234 0.9166667 0.9574468 0.8333333 0.9574468 0.9166667 1 1 0.9787234 0.9166667 0.9787234 1 1 0.08333331 0.9787234 0 0.9787234 0.08333331 1 0.1666666 0.9787234 0.08333331 0.9787234 0.1666666 1 0.25 0.9787234 0.1666666 0.9787234 0.25 1 0.3333333 0.9787234 0.25 0.9787234 0.3333333 1 0.4166666 0.9787234 0.3333333 0.9787234 0.4166666 1 0.5 0.9787234 0.4166666 0.9787234 0.5 1 0.5833333 0.9787234 0.5 0.9787234 0.5833333 1 0.6666667 0.9787234 0.5833333 0.9787234 0.6666667 1 0.75 0.9787234 0.6666667 0.9787234 0.75 1 0.8333333 0.9787234 0.75 0.9787234 0.8333333 1 0.9166667 0.9787234 0.8333333 0.9787234 0.9166667 0.02127659 1 0.02127659 0.9166667 0 0.9166667 0.02127659 0.08333331 0.02127659 0 0 0 0 0.1666666 0.02127659 0.1666666 0.02127659 0.08333331 0.02127659 0.25 0.02127659 0.1666666 0 0.1666666 0.02127659 0.3333333 0.02127659 0.25 0 0.25 0.02127659 0.4166666 0.02127659 0.3333333 0 0.3333333 0.02127659 0.5 0.02127659 0.4166666 0 0.4166666 0.02127659 0.5833333 0.02127659 0.5 0 0.5 0.02127659 0.6666667 0.02127659 0.5833333 0 0.5833333 0 0.75 0.02127659 0.75 0.02127659 0.6666667 0.02127659 0.8333333 0.02127659 0.75 0 0.75 0.02127659 0.9166667 0.02127659 0.8333333 0 0.8333333 0.02127659 1 0.04255318 1 0.04255318 0.9166667 0.02127659 0.08333331 0.04255318 0.08333331 0.04255318 0 0.04255318 0.1666666 0.04255318 0.08333331 0.02127659 0.08333331 0.04255318 0.25 0.04255318 0.1666666 0.02127659 0.1666666 0.04255318 0.3333333 0.04255318 0.25 0.02127659 0.25 0.04255318 0.4166666 0.04255318 0.3333333 0.02127659 0.3333333 0.04255318 0.5 0.04255318 0.4166666 0.02127659 0.4166666 0.02127659 0.5833333 0.04255318 0.5833333 0.04255318 0.5 0.02127659 0.6666667 0.04255318 0.6666667 0.04255318 0.5833333 0.02127659 0.75 0.04255318 0.75 0.04255318 0.6666667 0.04255318 0.8333333 0.04255318 0.75 0.02127659 0.75 0.04255318 0.9166667 0.04255318 0.8333333 0.02127659 0.8333333 0.06382977 1 0.06382977 0.9166667 0.04255318 0.9166667 0.06382977 0.08333331 0.06382977 0 0.04255318 0 0.06382977 0.1666666 0.06382977 0.08333331 0.04255318 0.08333331 0.06382977 0.25 0.06382977 0.1666666 0.04255318 0.1666666 0.06382977 0.3333333 0.06382977 0.25 0.04255318 0.25 0.06382977 0.4166666 0.06382977 0.3333333 0.04255318 0.3333333 0.06382977 0.5 0.06382977 0.4166666 0.04255318 0.4166666 0.06382977 0.5833333 0.06382977 0.5 0.04255318 0.5 0.06382977 0.6666667 0.06382977 0.5833333 0.04255318 0.5833333 0.06382977 0.75 0.06382977 0.6666667 0.04255318 0.6666667 0.06382977 0.8333333 0.06382977 0.75 0.04255318 0.75 0.06382977 0.9166667 0.06382977 0.8333333 0.04255318 0.8333333 0.08510637 1 0.08510637 0.9166667 0.06382977 0.9166667 0.08510637 0.08333331 0.08510637 0 0.06382977 0 0.06382977 0.1666666 0.08510637 0.1666666 0.08510637 0.08333331 0.08510637 0.25 0.08510637 0.1666666 0.06382977 0.1666666 0.06382977 0.3333333 0.08510637 0.3333333 0.08510637 0.25 0.08510637 0.4166666 0.08510637 0.3333333 0.06382977 0.3333333 0.08510637 0.5 0.08510637 0.4166666 0.06382977 0.4166666 0.08510637 0.5833333 0.08510637 0.5 0.06382977 0.5 0.08510637 0.6666667 0.08510637 0.5833333 0.06382977 0.5833333 0.06382977 0.75 0.08510637 0.75 0.08510637 0.6666667 0.08510637 0.8333333 0.08510637 0.75 0.06382977 0.75 0.08510637 0.9166667 0.08510637 0.8333333 0.06382977 0.8333333 0.08510637 1 0.106383 1 0.106383 0.9166667 0.08510637 0.08333331 0.106383 0.08333331 0.106383 0 0.106383 0.1666666 0.106383 0.08333331 0.08510637 0.08333331 0.106383 0.25 0.106383 0.1666666 0.08510637 0.1666666 0.106383 0.3333333 0.106383 0.25 0.08510637 0.25 0.106383 0.4166666 0.106383 0.3333333 0.08510637 0.3333333 0.106383 0.5 0.106383 0.4166666 0.08510637 0.4166666 0.08510637 0.5833333 0.106383 0.5833333 0.106383 0.5 0.106383 0.6666667 0.106383 0.5833333 0.08510637 0.5833333 0.106383 0.75 0.106383 0.6666667 0.08510637 0.6666667 0.106383 0.8333333 0.106383 0.75 0.08510637 0.75 0.106383 0.9166667 0.106383 0.8333333 0.08510637 0.8333333 0.1276596 1 0.1276596 0.9166667 0.106383 0.9166667 0.1276596 0.08333331 0.1276596 0 0.106383 0 0.1276596 0.1666666 0.1276596 0.08333331 0.106383 0.08333331 0.106383 0.25 0.1276596 0.25 0.1276596 0.1666666 0.1276596 0.3333333 0.1276596 0.25 0.106383 0.25 0.1276596 0.4166666 0.1276596 0.3333333 0.106383 0.3333333 0.106383 0.5 0.1276596 0.5 0.1276596 0.4166666 0.1276596 0.5833333 0.1276596 0.5 0.106383 0.5 0.1276596 0.6666667 0.1276596 0.5833333 0.106383 0.5833333 0.1276596 0.75 0.1276596 0.6666667 0.106383 0.6666667 0.1276596 0.8333333 0.1276596 0.75 0.106383 0.75 0.1276596 0.9166667 0.1276596 0.8333333 0.106383 0.8333333 0.1489362 1 0.1489362 0.9166667 0.1276596 0.9166667 0.1489362 0.08333331 0.1489362 0 0.1276596 0 0.1489362 0.1666666 0.1489362 0.08333331 0.1276596 0.08333331 0.1489362 0.25 0.1489362 0.1666666 0.1276596 0.1666666 0.1489362 0.3333333 0.1489362 0.25 0.1276596 0.25 0.1489362 0.4166666 0.1489362 0.3333333 0.1276596 0.3333333 0.1489362 0.5 0.1489362 0.4166666 0.1276596 0.4166666 0.1489362 0.5833333 0.1489362 0.5 0.1276596 0.5 0.1489362 0.6666667 0.1489362 0.5833333 0.1276596 0.5833333 0.1489362 0.75 0.1489362 0.6666667 0.1276596 0.6666667 0.1489362 0.8333333 0.1489362 0.75 0.1276596 0.75 0.1489362 0.9166667 0.1489362 0.8333333 0.1276596 0.8333333 0.1702128 1 0.1702128 0.9166667 0.1489362 0.9166667 0.1702128 0.08333331 0.1702128 0 0.1489362 0 0.1702128 0.1666666 0.1702128 0.08333331 0.1489362 0.08333331 0.1702128 0.25 0.1702128 0.1666666 0.1489362 0.1666666 0.1702128 0.3333333 0.1702128 0.25 0.1489362 0.25 0.1702128 0.4166666 0.1702128 0.3333333 0.1489362 0.3333333 0.1702128 0.5 0.1702128 0.4166666 0.1489362 0.4166666 0.1702128 0.5833333 0.1702128 0.5 0.1489362 0.5 0.1702128 0.6666667 0.1702128 0.5833333 0.1489362 0.5833333 0.1702128 0.75 0.1702128 0.6666667 0.1489362 0.6666667 0.1702128 0.8333333 0.1702128 0.75 0.1489362 0.75 0.1702128 0.9166667 0.1702128 0.8333333 0.1489362 0.8333333 0.1702128 1 0.1914893 1 0.1914893 0.9166667 0.1914893 0.08333331 0.1914893 0 0.1702128 0 0.1914893 0.1666666 0.1914893 0.08333331 0.1702128 0.08333331 0.1914893 0.25 0.1914893 0.1666666 0.1702128 0.1666666 0.1914893 0.3333333 0.1914893 0.25 0.1702128 0.25 0.1914893 0.4166666 0.1914893 0.3333333 0.1702128 0.3333333 0.1914893 0.5 0.1914893 0.4166666 0.1702128 0.4166666 0.1914893 0.5833333 0.1914893 0.5 0.1702128 0.5 0.1914893 0.6666667 0.1914893 0.5833333 0.1702128 0.5833333 0.1914893 0.75 0.1914893 0.6666667 0.1702128 0.6666667 0.1914893 0.8333333 0.1914893 0.75 0.1702128 0.75 0.1914893 0.9166667 0.1914893 0.8333333 0.1702128 0.8333333 0.2127659 1 0.2127659 0.9166667 0.1914893 0.9166667 0.2127659 0.08333331 0.2127659 0 0.1914893 0 0.2127659 0.1666666 0.2127659 0.08333331 0.1914893 0.08333331 0.2127659 0.25 0.2127659 0.1666666 0.1914893 0.1666666 0.2127659 0.3333333 0.2127659 0.25 0.1914893 0.25 0.2127659 0.4166666 0.2127659 0.3333333 0.1914893 0.3333333 0.2127659 0.5 0.2127659 0.4166666 0.1914893 0.4166666 0.2127659 0.5833333 0.2127659 0.5 0.1914893 0.5 0.2127659 0.6666667 0.2127659 0.5833333 0.1914893 0.5833333 0.2127659 0.75 0.2127659 0.6666667 0.1914893 0.6666667 0.2127659 0.8333333 0.2127659 0.75 0.1914893 0.75 0.2127659 0.9166667 0.2127659 0.8333333 0.1914893 0.8333333 0.2340425 1 0.2340425 0.9166667 0.2127659 0.9166667 0.2340425 0.08333331 0.2340425 0 0.2127659 0 0.2340425 0.1666666 0.2340425 0.08333331 0.2127659 0.08333331 0.2340425 0.25 0.2340425 0.1666666 0.2127659 0.1666666 0.2340425 0.3333333 0.2340425 0.25 0.2127659 0.25 0.2340425 0.4166666 0.2340425 0.3333333 0.2127659 0.3333333 0.2340425 0.5 0.2340425 0.4166666 0.2127659 0.4166666 0.2340425 0.5833333 0.2340425 0.5 0.2127659 0.5 0.2340425 0.6666667 0.2340425 0.5833333 0.2127659 0.5833333 0.2340425 0.75 0.2340425 0.6666667 0.2127659 0.6666667 0.2127659 0.8333333 0.2340425 0.8333333 0.2340425 0.75 0.2340425 0.9166667 0.2340425 0.8333333 0.2127659 0.8333333 0.2553191 1 0.2553191 0.9166667 0.2340425 0.9166667 0.2553191 0.08333331 0.2553191 0 0.2340425 0 0.2553191 0.1666666 0.2553191 0.08333331 0.2340425 0.08333331 0.2553191 0.25 0.2553191 0.1666666 0.2340425 0.1666666 0.2553191 0.3333333 0.2553191 0.25 0.2340425 0.25 0.2553191 0.4166666 0.2553191 0.3333333 0.2340425 0.3333333 0.2553191 0.5 0.2553191 0.4166666 0.2340425 0.4166666 0.2553191 0.5833333 0.2553191 0.5 0.2340425 0.5 0.2340425 0.6666667 0.2553191 0.6666667 0.2553191 0.5833333 0.2553191 0.75 0.2553191 0.6666667 0.2340425 0.6666667 0.2553191 0.8333333 0.2553191 0.75 0.2340425 0.75 0.2553191 0.9166667 0.2553191 0.8333333 0.2340425 0.8333333 0.2765957 1 0.2765957 0.9166667 0.2553191 0.9166667 0.2765957 0.08333331 0.2765957 0 0.2553191 0 0.2765957 0.1666666 0.2765957 0.08333331 0.2553191 0.08333331 0.2765957 0.25 0.2765957 0.1666666 0.2553191 0.1666666 0.2765957 0.3333333 0.2765957 0.25 0.2553191 0.25 0.2765957 0.4166666 0.2765957 0.3333333 0.2553191 0.3333333 0.2765957 0.5 0.2765957 0.4166666 0.2553191 0.4166666 0.2765957 0.5833333 0.2765957 0.5 0.2553191 0.5 0.2765957 0.6666667 0.2765957 0.5833333 0.2553191 0.5833333 0.2765957 0.75 0.2765957 0.6666667 0.2553191 0.6666667 0.2765957 0.8333333 0.2765957 0.75 0.2553191 0.75 0.2765957 0.9166667 0.2765957 0.8333333 0.2553191 0.8333333 0.2978723 1 0.2978723 0.9166667 0.2765957 0.9166667 0.2978723 0.08333331 0.2978723 0 0.2765957 0 0.2978723 0.1666666 0.2978723 0.08333331 0.2765957 0.08333331 0.2978723 0.25 0.2978723 0.1666666 0.2765957 0.1666666 0.2978723 0.3333333 0.2978723 0.25 0.2765957 0.25 0.2978723 0.4166666 0.2978723 0.3333333 0.2765957 0.3333333 0.2978723 0.5 0.2978723 0.4166666 0.2765957 0.4166666 0.2978723 0.5833333 0.2978723 0.5 0.2765957 0.5 0.2978723 0.6666667 0.2978723 0.5833333 0.2765957 0.5833333 0.2978723 0.75 0.2978723 0.6666667 0.2765957 0.6666667 0.2978723 0.8333333 0.2978723 0.75 0.2765957 0.75 0.2978723 0.9166667 0.2978723 0.8333333 0.2765957 0.8333333 0.3191489 1 0.3191489 0.9166667 0.2978723 0.9166667 0.3191489 0.08333331 0.3191489 0 0.2978723 0 0.3191489 0.1666666 0.3191489 0.08333331 0.2978723 0.08333331 0.3191489 0.25 0.3191489 0.1666666 0.2978723 0.1666666 0.3191489 0.3333333 0.3191489 0.25 0.2978723 0.25 0.3191489 0.4166666 0.3191489 0.3333333 0.2978723 0.3333333 0.3191489 0.5 0.3191489 0.4166666 0.2978723 0.4166666 0.3191489 0.5833333 0.3191489 0.5 0.2978723 0.5 0.3191489 0.6666667 0.3191489 0.5833333 0.2978723 0.5833333 0.3191489 0.75 0.3191489 0.6666667 0.2978723 0.6666667 0.3191489 0.8333333 0.3191489 0.75 0.2978723 0.75 0.3191489 0.9166667 0.3191489 0.8333333 0.2978723 0.8333333 0.3404255 1 0.3404255 0.9166667 0.3191489 0.9166667 0.3404255 0.08333331 0.3404255 0 0.3191489 0 0.3404255 0.1666666 0.3404255 0.08333331 0.3191489 0.08333331 0.3404255 0.25 0.3404255 0.1666666 0.3191489 0.1666666 0.3404255 0.3333333 0.3404255 0.25 0.3191489 0.25 0.3191489 0.4166666 0.3404255 0.4166666 0.3404255 0.3333333 0.3404255 0.5 0.3404255 0.4166666 0.3191489 0.4166666 0.3404255 0.5833333 0.3404255 0.5 0.3191489 0.5 0.3404255 0.6666667 0.3404255 0.5833333 0.3191489 0.5833333 0.3404255 0.75 0.3404255 0.6666667 0.3191489 0.6666667 0.3404255 0.8333333 0.3404255 0.75 0.3191489 0.75 0.3404255 0.9166667 0.3404255 0.8333333 0.3191489 0.8333333 0.3617021 1 0.3617021 0.9166667 0.3404255 0.9166667 0.3617021 0.08333331 0.3617021 0 0.3404255 0 0.3617021 0.1666666 0.3617021 0.08333331 0.3404255 0.08333331 0.3617021 0.25 0.3617021 0.1666666 0.3404255 0.1666666 0.3617021 0.3333333 0.3617021 0.25 0.3404255 0.25 0.3617021 0.4166666 0.3617021 0.3333333 0.3404255 0.3333333 0.3617021 0.5 0.3617021 0.4166666 0.3404255 0.4166666 0.3617021 0.5833333 0.3617021 0.5 0.3404255 0.5 0.3617021 0.6666667 0.3617021 0.5833333 0.3404255 0.5833333 0.3617021 0.75 0.3617021 0.6666667 0.3404255 0.6666667 0.3617021 0.8333333 0.3617021 0.75 0.3404255 0.75 0.3617021 0.9166667 0.3617021 0.8333333 0.3404255 0.8333333 0.3617021 1 0.3829787 1 0.3829787 0.9166667 0.3829787 0.08333331 0.3829787 0 0.3617021 0 0.3829787 0.1666666 0.3829787 0.08333331 0.3617021 0.08333331 0.3829787 0.25 0.3829787 0.1666666 0.3617021 0.1666666 0.3829787 0.3333333 0.3829787 0.25 0.3617021 0.25 0.3829787 0.4166666 0.3829787 0.3333333 0.3617021 0.3333333 0.3829787 0.5 0.3829787 0.4166666 0.3617021 0.4166666 0.3829787 0.5833333 0.3829787 0.5 0.3617021 0.5 0.3829787 0.6666667 0.3829787 0.5833333 0.3617021 0.5833333 0.3617021 0.75 0.3829787 0.75 0.3829787 0.6666667 0.3829787 0.8333333 0.3829787 0.75 0.3617021 0.75 0.3829787 0.9166667 0.3829787 0.8333333 0.3617021 0.8333333 0.4042553 1 0.4042553 0.9166667 0.3829787 0.9166667 0.3829787 0.08333331 0.4042553 0.08333331 0.4042553 0 0.3829787 0.1666666 0.4042553 0.1666666 0.4042553 0.08333331 0.4042553 0.25 0.4042553 0.1666666 0.3829787 0.1666666 0.4042553 0.3333333 0.4042553 0.25 0.3829787 0.25 0.4042553 0.4166666 0.4042553 0.3333333 0.3829787 0.3333333 0.4042553 0.5 0.4042553 0.4166666 0.3829787 0.4166666 0.4042553 0.5833333 0.4042553 0.5 0.3829787 0.5 0.3829787 0.6666667 0.4042553 0.6666667 0.4042553 0.5833333 0.4042553 0.75 0.4042553 0.6666667 0.3829787 0.6666667 0.4042553 0.8333333 0.4042553 0.75 0.3829787 0.75 0.4042553 0.9166667 0.4042553 0.8333333 0.3829787 0.8333333 0.4255319 1 0.4255319 0.9166667 0.4042553 0.9166667 0.4255319 0.08333331 0.4255319 0 0.4042553 0 0.4255319 0.1666666 0.4255319 0.08333331 0.4042553 0.08333331 0.4255319 0.25 0.4255319 0.1666666 0.4042553 0.1666666 0.4255319 0.3333333 0.4255319 0.25 0.4042553 0.25 0.4255319 0.4166666 0.4255319 0.3333333 0.4042553 0.3333333 0.4255319 0.5 0.4255319 0.4166666 0.4042553 0.4166666 0.4255319 0.5833333 0.4255319 0.5 0.4042553 0.5 0.4255319 0.6666667 0.4255319 0.5833333 0.4042553 0.5833333 0.4255319 0.75 0.4255319 0.6666667 0.4042553 0.6666667 0.4255319 0.8333333 0.4255319 0.75 0.4042553 0.75 0.4255319 0.9166667 0.4255319 0.8333333 0.4042553 0.8333333 0.4468085 1 0.4468085 0.9166667 0.4255319 0.9166667 0.4468085 0.08333331 0.4468085 0 0.4255319 0 0.4468085 0.1666666 0.4468085 0.08333331 0.4255319 0.08333331 0.4468085 0.25 0.4468085 0.1666666 0.4255319 0.1666666 0.4468085 0.3333333 0.4468085 0.25 0.4255319 0.25 0.4468085 0.4166666 0.4468085 0.3333333 0.4255319 0.3333333 0.4468085 0.5 0.4468085 0.4166666 0.4255319 0.4166666 0.4468085 0.5833333 0.4468085 0.5 0.4255319 0.5 0.4468085 0.6666667 0.4468085 0.5833333 0.4255319 0.5833333 0.4468085 0.75 0.4468085 0.6666667 0.4255319 0.6666667 0.4468085 0.8333333 0.4468085 0.75 0.4255319 0.75 0.4468085 0.9166667 0.4468085 0.8333333 0.4255319 0.8333333 0.4680851 1 0.4680851 0.9166667 0.4468085 0.9166667 0.4680851 0.08333331 0.4680851 0 0.4468085 0 0.4680851 0.1666666 0.4680851 0.08333331 0.4468085 0.08333331 0.4680851 0.25 0.4680851 0.1666666 0.4468085 0.1666666 0.4680851 0.3333333 0.4680851 0.25 0.4468085 0.25 0.4680851 0.4166666 0.4680851 0.3333333 0.4468085 0.3333333 0.4680851 0.5 0.4680851 0.4166666 0.4468085 0.4166666 0.4680851 0.5833333 0.4680851 0.5 0.4468085 0.5 0.4680851 0.6666667 0.4680851 0.5833333 0.4468085 0.5833333 0.4680851 0.75 0.4680851 0.6666667 0.4468085 0.6666667 0.4680851 0.8333333 0.4680851 0.75 0.4468085 0.75 0.4680851 0.9166667 0.4680851 0.8333333 0.4468085 0.8333333 0.4680851 1 0.4893617 1 0.4893617 0.9166667 0.4893617 0.08333331 0.4893617 0 0.4680851 0 0.4893617 0.1666666 0.4893617 0.08333331 0.4680851 0.08333331 0.4893617 0.25 0.4893617 0.1666666 0.4680851 0.1666666 0.4893617 0.3333333 0.4893617 0.25 0.4680851 0.25 0.4893617 0.4166666 0.4893617 0.3333333 0.4680851 0.3333333 0.4893617 0.5 0.4893617 0.4166666 0.4680851 0.4166666 0.4680851 0.5833333 0.4893617 0.5833333 0.4893617 0.5 0.4893617 0.6666667 0.4893617 0.5833333 0.4680851 0.5833333 0.4893617 0.75 0.4893617 0.6666667 0.4680851 0.6666667 0.4893617 0.8333333 0.4893617 0.75 0.4680851 0.75 0.4893617 0.9166667 0.4893617 0.8333333 0.4680851 0.8333333 0.5106383 1 0.5106383 0.9166667 0.4893617 0.9166667 0.5106383 0.08333331 0.5106383 0 0.4893617 0 0.5106383 0.1666666 0.5106383 0.08333331 0.4893617 0.08333331 0.5106383 0.25 0.5106383 0.1666666 0.4893617 0.1666666 0.5106383 0.3333333 0.5106383 0.25 0.4893617 0.25 0.4893617 0.4166666 0.5106383 0.4166666 0.5106383 0.3333333 0.5106383 0.5 0.5106383 0.4166666 0.4893617 0.4166666 0.4893617 0.5833333 0.5106383 0.5833333 0.5106383 0.5 0.5106383 0.6666667 0.5106383 0.5833333 0.4893617 0.5833333 0.5106383 0.75 0.5106383 0.6666667 0.4893617 0.6666667 0.5106383 0.8333333 0.5106383 0.75 0.4893617 0.75 0.4893617 0.9166667 0.5106383 0.9166667 0.5106383 0.8333333 0.5319149 1 0.5319149 0.9166667 0.5106383 0.9166667 0.5319149 0.08333331 0.5319149 0 0.5106383 0 0.5319149 0.1666666 0.5319149 0.08333331 0.5106383 0.08333331 0.5319149 0.25 0.5319149 0.1666666 0.5106383 0.1666666 0.5319149 0.3333333 0.5319149 0.25 0.5106383 0.25 0.5319149 0.4166666 0.5319149 0.3333333 0.5106383 0.3333333 0.5319149 0.5 0.5319149 0.4166666 0.5106383 0.4166666 0.5319149 0.5833333 0.5319149 0.5 0.5106383 0.5 0.5319149 0.6666667 0.5319149 0.5833333 0.5106383 0.5833333 0.5319149 0.75 0.5319149 0.6666667 0.5106383 0.6666667 0.5319149 0.8333333 0.5319149 0.75 0.5106383 0.75 0.5319149 0.9166667 0.5319149 0.8333333 0.5106383 0.8333333 0.5531915 1 0.5531915 0.9166667 0.5319149 0.9166667 0.5531915 0.08333331 0.5531915 0 0.5319149 0 0.5531915 0.1666666 0.5531915 0.08333331 0.5319149 0.08333331 0.5319149 0.25 0.5531915 0.25 0.5531915 0.1666666 0.5531915 0.3333333 0.5531915 0.25 0.5319149 0.25 0.5531915 0.4166666 0.5531915 0.3333333 0.5319149 0.3333333 0.5531915 0.5 0.5531915 0.4166666 0.5319149 0.4166666 0.5531915 0.5833333 0.5531915 0.5 0.5319149 0.5 0.5531915 0.6666667 0.5531915 0.5833333 0.5319149 0.5833333 0.5531915 0.75 0.5531915 0.6666667 0.5319149 0.6666667 0.5531915 0.8333333 0.5531915 0.75 0.5319149 0.75 0.5531915 0.9166667 0.5531915 0.8333333 0.5319149 0.8333333 0.5744681 1 0.5744681 0.9166667 0.5531915 0.9166667 0.5744681 0.08333331 0.5744681 0 0.5531915 0 0.5744681 0.1666666 0.5744681 0.08333331 0.5531915 0.08333331 0.5744681 0.25 0.5744681 0.1666666 0.5531915 0.1666666 0.5744681 0.3333333 0.5744681 0.25 0.5531915 0.25 0.5744681 0.4166666 0.5744681 0.3333333 0.5531915 0.3333333 0.5744681 0.5 0.5744681 0.4166666 0.5531915 0.4166666 0.5744681 0.5833333 0.5744681 0.5 0.5531915 0.5 0.5744681 0.6666667 0.5744681 0.5833333 0.5531915 0.5833333 0.5744681 0.75 0.5744681 0.6666667 0.5531915 0.6666667 0.5744681 0.8333333 0.5744681 0.75 0.5531915 0.75 0.5744681 0.9166667 0.5744681 0.8333333 0.5531915 0.8333333 0.5957447 1 0.5957447 0.9166667 0.5744681 0.9166667 0.5957447 0.08333331 0.5957447 0 0.5744681 0 0.5957447 0.1666666 0.5957447 0.08333331 0.5744681 0.08333331 0.5957447 0.25 0.5957447 0.1666666 0.5744681 0.1666666 0.5957447 0.3333333 0.5957447 0.25 0.5744681 0.25 0.5957447 0.4166666 0.5957447 0.3333333 0.5744681 0.3333333 0.5957447 0.5 0.5957447 0.4166666 0.5744681 0.4166666 0.5957447 0.5833333 0.5957447 0.5 0.5744681 0.5 0.5957447 0.6666667 0.5957447 0.5833333 0.5744681 0.5833333 0.5957447 0.75 0.5957447 0.6666667 0.5744681 0.6666667 0.5957447 0.8333333 0.5957447 0.75 0.5744681 0.75 0.5957447 0.9166667 0.5957447 0.8333333 0.5744681 0.8333333 0.6170213 1 0.6170213 0.9166667 0.5957447 0.9166667 0.5957447 0.08333331 0.6170213 0.08333331 0.6170213 0 0.5957447 0.1666666 0.6170213 0.1666666 0.6170213 0.08333331 0.6170213 0.25 0.6170213 0.1666666 0.5957447 0.1666666 0.6170213 0.3333333 0.6170213 0.25 0.5957447 0.25 0.6170213 0.4166666 0.6170213 0.3333333 0.5957447 0.3333333 0.6170213 0.5 0.6170213 0.4166666 0.5957447 0.4166666 0.5957447 0.5833333 0.6170213 0.5833333 0.6170213 0.5 0.5957447 0.6666667 0.6170213 0.6666667 0.6170213 0.5833333 0.6170213 0.75 0.6170213 0.6666667 0.5957447 0.6666667 0.6170213 0.8333333 0.6170213 0.75 0.5957447 0.75 0.6170213 0.9166667 0.6170213 0.8333333 0.5957447 0.8333333 0.6382979 1 0.6382979 0.9166667 0.6170213 0.9166667 0.6382979 0.08333331 0.6382979 0 0.6170213 0 0.6382979 0.1666666 0.6382979 0.08333331 0.6170213 0.08333331 0.6382979 0.25 0.6382979 0.1666666 0.6170213 0.1666666 0.6382979 0.3333333 0.6382979 0.25 0.6170213 0.25 0.6382979 0.4166666 0.6382979 0.3333333 0.6170213 0.3333333 0.6382979 0.5 0.6382979 0.4166666 0.6170213 0.4166666 0.6382979 0.5833333 0.6382979 0.5 0.6170213 0.5 0.6382979 0.6666667 0.6382979 0.5833333 0.6170213 0.5833333 0.6382979 0.75 0.6382979 0.6666667 0.6170213 0.6666667 0.6382979 0.8333333 0.6382979 0.75 0.6170213 0.75 0.6382979 0.9166667 0.6382979 0.8333333 0.6170213 0.8333333 0.6595745 1 0.6595745 0.9166667 0.6382979 0.9166667 0.6595745 0.08333331 0.6595745 0 0.6382979 0 0.6595745 0.1666666 0.6595745 0.08333331 0.6382979 0.08333331 0.6595745 0.25 0.6595745 0.1666666 0.6382979 0.1666666 0.6595745 0.3333333 0.6595745 0.25 0.6382979 0.25 0.6595745 0.4166666 0.6595745 0.3333333 0.6382979 0.3333333 0.6595745 0.5 0.6595745 0.4166666 0.6382979 0.4166666 0.6595745 0.5833333 0.6595745 0.5 0.6382979 0.5 0.6595745 0.6666667 0.6595745 0.5833333 0.6382979 0.5833333 0.6595745 0.75 0.6595745 0.6666667 0.6382979 0.6666667 0.6595745 0.8333333 0.6595745 0.75 0.6382979 0.75 0.6595745 0.9166667 0.6595745 0.8333333 0.6382979 0.8333333 0.6808511 1 0.6808511 0.9166667 0.6595745 0.9166667 0.6808511 0.08333331 0.6808511 0 0.6595745 0 0.6808511 0.1666666 0.6808511 0.08333331 0.6595745 0.08333331 0.6808511 0.25 0.6808511 0.1666666 0.6595745 0.1666666 0.6808511 0.3333333 0.6808511 0.25 0.6595745 0.25 0.6808511 0.4166666 0.6808511 0.3333333 0.6595745 0.3333333 0.6808511 0.5 0.6808511 0.4166666 0.6595745 0.4166666 0.6808511 0.5833333 0.6808511 0.5 0.6595745 0.5 0.6808511 0.6666667 0.6808511 0.5833333 0.6595745 0.5833333 0.6808511 0.75 0.6808511 0.6666667 0.6595745 0.6666667 0.6808511 0.8333333 0.6808511 0.75 0.6595745 0.75 0.6808511 0.9166667 0.6808511 0.8333333 0.6595745 0.8333333 0.7021276 1 0.7021276 0.9166667 0.6808511 0.9166667 0.7021276 0.08333331 0.7021276 0 0.6808511 0 0.7021276 0.1666666 0.7021276 0.08333331 0.6808511 0.08333331 0.7021276 0.25 0.7021276 0.1666666 0.6808511 0.1666666 0.7021276 0.3333333 0.7021276 0.25 0.6808511 0.25 0.7021276 0.4166666 0.7021276 0.3333333 0.6808511 0.3333333 0.7021276 0.5 0.7021276 0.4166666 0.6808511 0.4166666 0.7021276 0.5833333 0.7021276 0.5 0.6808511 0.5 0.7021276 0.6666667 0.7021276 0.5833333 0.6808511 0.5833333 0.7021276 0.75 0.7021276 0.6666667 0.6808511 0.6666667 0.7021276 0.8333333 0.7021276 0.75 0.6808511 0.75 0.7021276 0.9166667 0.7021276 0.8333333 0.6808511 0.8333333 0.7234042 1 0.7234042 0.9166667 0.7021276 0.9166667 0.7234042 0.08333331 0.7234042 0 0.7021276 0 0.7234042 0.1666666 0.7234042 0.08333331 0.7021276 0.08333331 0.7234042 0.25 0.7234042 0.1666666 0.7021276 0.1666666 0.7234042 0.3333333 0.7234042 0.25 0.7021276 0.25 0.7234042 0.4166666 0.7234042 0.3333333 0.7021276 0.3333333 0.7234042 0.5 0.7234042 0.4166666 0.7021276 0.4166666 0.7234042 0.5833333 0.7234042 0.5 0.7021276 0.5 0.7234042 0.6666667 0.7234042 0.5833333 0.7021276 0.5833333 0.7234042 0.75 0.7234042 0.6666667 0.7021276 0.6666667 0.7234042 0.8333333 0.7234042 0.75 0.7021276 0.75 0.7234042 0.9166667 0.7234042 0.8333333 0.7021276 0.8333333 0.7446808 1 0.7446808 0.9166667 0.7234042 0.9166667 0.7446808 0.08333331 0.7446808 0 0.7234042 0 0.7446808 0.1666666 0.7446808 0.08333331 0.7234042 0.08333331 0.7446808 0.25 0.7446808 0.1666666 0.7234042 0.1666666 0.7446808 0.3333333 0.7446808 0.25 0.7234042 0.25 0.7446808 0.4166666 0.7446808 0.3333333 0.7234042 0.3333333 0.7446808 0.5 0.7446808 0.4166666 0.7234042 0.4166666 0.7446808 0.5833333 0.7446808 0.5 0.7234042 0.5 0.7446808 0.6666667 0.7446808 0.5833333 0.7234042 0.5833333 0.7446808 0.75 0.7446808 0.6666667 0.7234042 0.6666667 0.7446808 0.8333333 0.7446808 0.75 0.7234042 0.75 0.7446808 0.9166667 0.7446808 0.8333333 0.7234042 0.8333333 0.7659575 1 0.7659575 0.9166667 0.7446808 0.9166667 0.7659575 0.08333331 0.7659575 0 0.7446808 0 0.7659575 0.1666666 0.7659575 0.08333331 0.7446808 0.08333331 0.7659575 0.25 0.7659575 0.1666666 0.7446808 0.1666666 0.7659575 0.3333333 0.7659575 0.25 0.7446808 0.25 0.7659575 0.4166666 0.7659575 0.3333333 0.7446808 0.3333333 0.7659575 0.5 0.7659575 0.4166666 0.7446808 0.4166666 0.7659575 0.5833333 0.7659575 0.5 0.7446808 0.5 0.7659575 0.6666667 0.7659575 0.5833333 0.7446808 0.5833333 0.7659575 0.75 0.7659575 0.6666667 0.7446808 0.6666667 0.7659575 0.8333333 0.7659575 0.75 0.7446808 0.75 0.7659575 0.9166667 0.7659575 0.8333333 0.7446808 0.8333333 0.7872341 1 0.7872341 0.9166667 0.7659575 0.9166667 0.7872341 0.08333331 0.7872341 0 0.7659575 0 0.7872341 0.1666666 0.7872341 0.08333331 0.7659575 0.08333331 0.7872341 0.25 0.7872341 0.1666666 0.7659575 0.1666666 0.7872341 0.3333333 0.7872341 0.25 0.7659575 0.25 0.7872341 0.4166666 0.7872341 0.3333333 0.7659575 0.3333333 0.7872341 0.5 0.7872341 0.4166666 0.7659575 0.4166666 0.7872341 0.5833333 0.7872341 0.5 0.7659575 0.5 0.7872341 0.6666667 0.7872341 0.5833333 0.7659575 0.5833333 0.7872341 0.75 0.7872341 0.6666667 0.7659575 0.6666667 0.7872341 0.8333333 0.7872341 0.75 0.7659575 0.75 0.7872341 0.9166667 0.7872341 0.8333333 0.7659575 0.8333333 0.8085107 1 0.8085107 0.9166667 0.7872341 0.9166667 0.8085107 0.08333331 0.8085107 0 0.7872341 0 0.8085107 0.1666666 0.8085107 0.08333331 0.7872341 0.08333331 0.8085107 0.25 0.8085107 0.1666666 0.7872341 0.1666666 0.8085107 0.3333333 0.8085107 0.25 0.7872341 0.25 0.8085107 0.4166666 0.8085107 0.3333333 0.7872341 0.3333333 0.8085107 0.5 0.8085107 0.4166666 0.7872341 0.4166666 0.8085107 0.5833333 0.8085107 0.5 0.7872341 0.5 0.8085107 0.6666667 0.8085107 0.5833333 0.7872341 0.5833333 0.8085107 0.75 0.8085107 0.6666667 0.7872341 0.6666667 0.8085107 0.8333333 0.8085107 0.75 0.7872341 0.75 0.8085107 0.9166667 0.8085107 0.8333333 0.7872341 0.8333333 0.8297873 1 0.8297873 0.9166667 0.8085107 0.9166667 0.8297873 0.08333331 0.8297873 0 0.8085107 0 0.8297873 0.1666666 0.8297873 0.08333331 0.8085107 0.08333331 0.8297873 0.25 0.8297873 0.1666666 0.8085107 0.1666666 0.8297873 0.3333333 0.8297873 0.25 0.8085107 0.25 0.8297873 0.4166666 0.8297873 0.3333333 0.8085107 0.3333333 0.8297873 0.5 0.8297873 0.4166666 0.8085107 0.4166666 0.8297873 0.5833333 0.8297873 0.5 0.8085107 0.5 0.8297873 0.6666667 0.8297873 0.5833333 0.8085107 0.5833333 0.8297873 0.75 0.8297873 0.6666667 0.8085107 0.6666667 0.8297873 0.8333333 0.8297873 0.75 0.8085107 0.75 0.8297873 0.9166667 0.8297873 0.8333333 0.8085107 0.8333333 0.8510639 1 0.8510639 0.9166667 0.8297873 0.9166667 0.8510639 0.08333331 0.8510639 0 0.8297873 0 0.8510639 0.1666666 0.8510639 0.08333331 0.8297873 0.08333331 0.8510639 0.25 0.8510639 0.1666666 0.8297873 0.1666666 0.8510639 0.3333333 0.8510639 0.25 0.8297873 0.25 0.8510639 0.4166666 0.8510639 0.3333333 0.8297873 0.3333333 0.8510639 0.5 0.8510639 0.4166666 0.8297873 0.4166666 0.8510639 0.5833333 0.8510639 0.5 0.8297873 0.5 0.8510639 0.6666667 0.8510639 0.5833333 0.8297873 0.5833333 0.8510639 0.75 0.8510639 0.6666667 0.8297873 0.6666667 0.8510639 0.8333333 0.8510639 0.75 0.8297873 0.75 0.8510639 0.9166667 0.8510639 0.8333333 0.8297873 0.8333333 0.8723405 1 0.8723405 0.9166667 0.8510639 0.9166667 0.8510639 0.08333331 0.8723405 0.08333331 0.8723405 0 0.8510639 0.1666666 0.8723405 0.1666666 0.8723405 0.08333331 0.8510639 0.25 0.8723405 0.25 0.8723405 0.1666666 0.8723405 0.3333333 0.8723405 0.25 0.8510639 0.25 0.8723405 0.4166666 0.8723405 0.3333333 0.8510639 0.3333333 0.8723405 0.5 0.8723405 0.4166666 0.8510639 0.4166666 0.8510639 0.5833333 0.8723405 0.5833333 0.8723405 0.5 0.8723405 0.6666667 0.8723405 0.5833333 0.8510639 0.5833333 0.8723405 0.75 0.8723405 0.6666667 0.8510639 0.6666667 0.8723405 0.8333333 0.8723405 0.75 0.8510639 0.75 0.8510639 0.9166667 0.8723405 0.9166667 0.8723405 0.8333333 0.8723405 1 0.893617 1 0.893617 0.9166667 0.8723405 0.08333331 0.893617 0.08333331 0.893617 0 0.893617 0.1666666 0.893617 0.08333331 0.8723405 0.08333331 0.893617 0.25 0.893617 0.1666666 0.8723405 0.1666666 0.893617 0.3333333 0.893617 0.25 0.8723405 0.25 0.893617 0.4166666 0.893617 0.3333333 0.8723405 0.3333333 0.893617 0.5 0.893617 0.4166666 0.8723405 0.4166666 0.8723405 0.5833333 0.893617 0.5833333 0.893617 0.5 0.893617 0.6666667 0.893617 0.5833333 0.8723405 0.5833333 0.893617 0.75 0.893617 0.6666667 0.8723405 0.6666667 0.893617 0.8333333 0.893617 0.75 0.8723405 0.75 0.893617 0.9166667 0.893617 0.8333333 0.8723405 0.8333333 0.9148936 1 0.9148936 0.9166667 0.893617 0.9166667 0.9148936 0.08333331 0.9148936 0 0.893617 0 0.9148936 0.1666666 0.9148936 0.08333331 0.893617 0.08333331 0.9148936 0.25 0.9148936 0.1666666 0.893617 0.1666666 0.9148936 0.3333333 0.9148936 0.25 0.893617 0.25 0.9148936 0.4166666 0.9148936 0.3333333 0.893617 0.3333333 0.9148936 0.5 0.9148936 0.4166666 0.893617 0.4166666 0.9148936 0.5833333 0.9148936 0.5 0.893617 0.5 0.9148936 0.6666667 0.9148936 0.5833333 0.893617 0.5833333 0.9148936 0.75 0.9148936 0.6666667 0.893617 0.6666667 0.9148936 0.8333333 0.9148936 0.75 0.893617 0.75 0.9148936 0.9166667 0.9148936 0.8333333 0.893617 0.8333333 0.9361702 1 0.9361702 0.9166667 0.9148936 0.9166667 0.9361702 0.08333331 0.9361702 0 0.9148936 0 0.9361702 0.1666666 0.9361702 0.08333331 0.9148936 0.08333331 0.9361702 0.25 0.9361702 0.1666666 0.9148936 0.1666666 0.9361702 0.3333333 0.9361702 0.25 0.9148936 0.25 0.9361702 0.4166666 0.9361702 0.3333333 0.9148936 0.3333333 0.9361702 0.5 0.9361702 0.4166666 0.9148936 0.4166666 0.9361702 0.5833333 0.9361702 0.5 0.9148936 0.5 0.9361702 0.6666667 0.9361702 0.5833333 0.9148936 0.5833333 0.9361702 0.75 0.9361702 0.6666667 0.9148936 0.6666667 0.9361702 0.8333333 0.9361702 0.75 0.9148936 0.75 0.9361702 0.9166667 0.9361702 0.8333333 0.9148936 0.8333333 0.9574468 1 0.9574468 0.9166667 0.9361702 0.9166667 0.9574468 0.08333331 0.9574468 0 0.9361702 0 0.9574468 0.1666666 0.9574468 0.08333331 0.9361702 0.08333331 0.9574468 0.25 0.9574468 0.1666666 0.9361702 0.1666666 0.9574468 0.3333333 0.9574468 0.25 0.9361702 0.25 0.9574468 0.4166666 0.9574468 0.3333333 0.9361702 0.3333333 0.9574468 0.5 0.9574468 0.4166666 0.9361702 0.4166666 0.9574468 0.5833333 0.9574468 0.5 0.9361702 0.5 0.9574468 0.6666667 0.9574468 0.5833333 0.9361702 0.5833333 0.9574468 0.75 0.9574468 0.6666667 0.9361702 0.6666667 0.9574468 0.8333333 0.9574468 0.75 0.9361702 0.75 0.9574468 0.9166667 0.9574468 0.8333333 0.9361702 0.8333333 0.9787234 1 0.9787234 0.9166667 0.9574468 0.9166667 0.9787234 0.08333331 0.9787234 0 0.9574468 0 0.9787234 0.1666666 0.9787234 0.08333331 0.9574468 0.08333331 0.9787234 0.25 0.9787234 0.1666666 0.9574468 0.1666666 0.9787234 0.3333333 0.9787234 0.25 0.9574468 0.25 0.9787234 0.4166666 0.9787234 0.3333333 0.9574468 0.3333333 0.9787234 0.5 0.9787234 0.4166666 0.9574468 0.4166666 0.9787234 0.5833333 0.9787234 0.5 0.9574468 0.5 0.9787234 0.6666667 0.9787234 0.5833333 0.9574468 0.5833333 0.9787234 0.75 0.9787234 0.6666667 0.9574468 0.6666667 0.9787234 0.8333333 0.9787234 0.75 0.9574468 0.75 0.9787234 0.9166667 0.9787234 0.8333333 0.9574468 0.8333333 1 1 1 0.9166667 0.9787234 0.9166667 1 0.08333331 1 0 0.9787234 0 1 0.1666666 1 0.08333331 0.9787234 0.08333331 1 0.25 1 0.1666666 0.9787234 0.1666666 1 0.3333333 1 0.25 0.9787234 0.25 1 0.4166666 1 0.3333333 0.9787234 0.3333333 1 0.5 1 0.4166666 0.9787234 0.4166666 1 0.5833333 1 0.5 0.9787234 0.5 1 0.6666667 1 0.5833333 0.9787234 0.5833333 1 0.75 1 0.6666667 0.9787234 0.6666667 1 0.8333333 1 0.75 0.9787234 0.75 1 0.9166667 1 0.8333333 0.9787234 0.8333333</float_array>
          <technique_common>
            <accessor source="#NurbsPath_001-mesh-map-0-array" count="3384" stride="2">
              <param name="S" type="float"/>
              <param name="T" type="float"/>
            </accessor>
          </technique_common>
        </source>
        <vertices id="NurbsPath_001-mesh-vertices">
          <input semantic="POSITION" source="#NurbsPath_001-mesh-positions"/>
        </vertices>
        <triangles material="Material_005-material" count="1128">
          <input semantic="VERTEX" source="#NurbsPath_001-mesh-vertices" offset="0"/>
          <input semantic="NORMAL" source="#NurbsPath_001-mesh-normals" offset="1"/>
          <input semantic="TEXCOORD" source="#NurbsPath_001-mesh-map-0" offset="2" set="0"/>
          <p>12 0 0 11 1 1 0 2 2 13 3 3 0 2 4 1 4 5 2 5 6 13 3 7 1 4 8 15 6 9 2 5 10 3 7 11 16 8 12 3 7 13 4 9 14 17 10 15 4 9 16 5 11 17 18 12 18 5 11 19 6 13 20 19 14 21 6 13 22 7 15 23 20 16 24 7 15 25 8 17 26 9 18 27 20 16 28 8 17 29 22 19 30 9 18 31 10 20 32 23 21 33 10 20 34 11 1 35 12 0 36 35 22 37 23 21 38 13 3 39 24 23 40 12 0 41 26 24 42 13 3 43 14 25 44 27 26 45 14 25 46 15 6 47 28 27 48 15 6 49 16 8 50 29 28 51 16 8 52 17 10 53 30 29 54 17 10 55 18 12 56 19 14 57 30 29 58 18 12 59 20 16 60 31 30 61 19 14 62 21 31 63 32 32 64 20 16 65 34 33 66 21 31 67 22 19 68 35 22 69 22 19 70 23 21 71 36 34 72 35 22 73 24 23 74 37 35 75 24 23 76 25 36 77 38 37 78 25 36 79 26 24 80 39 38 81 26 24 82 27 26 83 40 39 84 27 26 85 28 27 86 41 40 87 28 27 88 29 28 89 42 41 90 29 28 91 30 29 92 43 42 93 30 29 94 31 30 95 44 43 96 31 30 97 32 32 98 45 44 99 32 32 100 33 45 101 46 46 102 33 45 103 34 33 104 47 47 105 34 33 106 35 22 107 48 48 108 47 47 109 36 34 110 49 49 111 36 34 112 37 35 113 38 37 114 49 49 115 37 35 116 51 50 117 38 37 118 39 38 119 40 39 120 51 50 121 39 38 122 53 51 123 40 39 124 41 40 125 54 52 126 41 40 127 42 41 128 55 53 129 42 41 130 43 42 131 56 54 132 43 42 133 44 43 134 45 44 135 56 54 136 44 43 137 58 55 138 45 44 139 46 46 140 59 56 141 46 46 142 47 47 143 48 48 144 71 57 145 59 56 146 49 49 147 60 58 148 48 48 149 62 59 150 49 49 151 50 60 152 63 61 153 50 60 154 51 50 155 64 62 156 51 50 157 52 63 158 65 64 159 52 63 160 53 51 161 66 65 162 53 51 163 54 52 164 55 53 165 66 65 166 54 52 167 68 66 168 55 53 169 56 54 170 69 67 171 56 54 172 57 68 173 70 69 174 57 68 175 58 55 176 71 57 177 58 55 178 59 56 179 72 70 180 71 57 181 60 58 182 73 71 183 60 58 184 61 72 185 74 73 186 61 72 187 62 59 188 63 61 189 74 73 190 62 59 191 76 74 192 63 61 193 64 62 194 77 75 195 64 62 196 65 64 197 66 65 198 77 75 199 65 64 200 79 76 201 66 65 202 67 77 203 80 78 204 67 77 205 68 66 206 81 79 207 68 66 208 69 67 209 82 80 210 69 67 211 70 69 212 83 81 213 70 69 214 71 57 215 84 82 216 83 81 217 72 70 218 85 83 219 72 70 220 73 71 221 86 84 222 73 71 223 74 73 224 87 85 225 74 73 226 75 86 227 88 87 228 75 86 229 76 74 230 89 88 231 76 74 232 77 75 233 90 89 234 77 75 235 78 90 236 91 91 237 78 90 238 79 76 239 92 92 240 79 76 241 80 78 242 93 93 243 80 78 244 81 79 245 94 94 246 81 79 247 82 80 248 95 95 249 82 80 250 83 81 251 96 96 252 95 95 253 84 82 254 97 97 255 84 82 256 85 83 257 98 98 258 85 83 259 86 84 260 99 99 261 86 84 262 87 85 263 100 100 264 87 85 265 88 87 266 101 101 267 88 87 268 89 88 269 102 102 270 89 88 271 90 89 272 103 103 273 90 89 274 91 91 275 104 104 276 91 91 277 92 92 278 105 105 279 92 92 280 93 93 281 106 106 282 93 93 283 94 94 284 107 107 285 94 94 286 95 95 287 96 96 288 119 108 289 107 107 290 109 109 291 96 96 292 97 97 293 110 110 294 97 97 295 98 98 296 111 111 297 98 98 298 99 99 299 112 112 300 99 99 301 100 100 302 113 113 303 100 100 304 101 101 305 114 114 306 101 101 307 102 102 308 115 115 309 102 102 310 103 103 311 116 116 312 103 103 313 104 104 314 117 117 315 104 104 316 105 105 317 118 118 318 105 105 319 106 106 320 119 108 321 106 106 322 107 107 323 120 119 324 119 108 325 108 120 326 121 121 327 108 120 328 109 109 329 122 122 330 109 109 331 110 110 332 123 123 333 110 110 334 111 111 335 124 124 336 111 111 337 112 112 338 125 125 339 112 112 340 113 113 341 126 126 342 113 113 343 114 114 344 127 127 345 114 114 346 115 115 347 128 128 348 115 115 349 116 116 350 129 129 351 116 116 352 117 117 353 130 130 354 117 117 355 118 118 356 131 131 357 118 118 358 119 108 359 132 132 360 131 131 361 120 119 362 133 133 363 120 119 364 121 121 365 134 134 366 121 121 367 122 122 368 135 135 369 122 122 370 123 123 371 136 136 372 123 123 373 124 124 374 137 137 375 124 124 376 125 125 377 138 138 378 125 125 379 126 126 380 139 139 381 126 126 382 127 127 383 140 140 384 127 127 385 128 128 386 141 141 387 128 128 388 129 129 389 130 130 390 141 141 391 129 129 392 143 142 393 130 130 394 131 131 395 144 143 396 143 142 397 132 132 398 145 144 399 132 132 400 133 133 401 146 145 402 133 133 403 134 134 404 147 146 405 134 134 406 135 135 407 148 147 408 135 135 409 136 136 410 149 148 411 136 136 412 137 137 413 150 149 414 137 137 415 138 138 416 151 150 417 138 138 418 139 139 419 140 140 420 151 150 421 139 139 422 153 151 423 140 140 424 141 141 425 154 152 426 141 141 427 142 153 428 155 154 429 142 153 430 143 142 431 156 155 432 155 154 433 144 143 434 157 156 435 144 143 436 145 144 437 158 157 438 145 144 439 146 145 440 159 158 441 146 145 442 147 146 443 160 159 444 147 146 445 148 147 446 161 160 447 148 147 448 149 148 449 162 161 450 149 148 451 150 149 452 163 162 453 150 149 454 151 150 455 164 163 456 151 150 457 152 164 458 165 165 459 152 164 460 153 151 461 166 166 462 153 151 463 154 152 464 167 167 465 154 152 466 155 154 467 168 168 468 167 167 469 156 155 470 169 169 471 156 155 472 157 156 473 170 170 474 157 156 475 158 157 476 171 171 477 158 157 478 159 158 479 172 172 480 159 158 481 160 159 482 173 173 483 160 159 484 161 160 485 174 174 486 161 160 487 162 161 488 175 175 489 162 161 490 163 162 491 176 176 492 163 162 493 164 163 494 177 177 495 164 163 496 165 165 497 178 178 498 165 165 499 166 166 500 179 179 501 166 166 502 167 167 503 180 180 504 179 179 505 168 168 506 181 181 507 168 168 508 169 169 509 182 182 510 169 169 511 170 170 512 183 183 513 170 170 514 171 171 515 184 184 516 171 171 517 172 172 518 185 185 519 172 172 520 173 173 521 186 186 522 173 173 523 174 174 524 187 187 525 174 174 526 175 175 527 188 188 528 175 175 529 176 176 530 189 189 531 176 176 532 177 177 533 190 190 534 177 177 535 178 178 536 191 191 537 178 178 538 179 179 539 192 192 540 191 191 541 180 180 542 193 193 543 180 180 544 181 181 545 194 194 546 181 181 547 182 182 548 195 195 549 182 182 550 183 183 551 196 196 552 183 183 553 184 184 554 185 185 555 196 196 556 184 184 557 198 197 558 185 185 559 186 186 560 199 198 561 186 186 562 187 187 563 200 199 564 187 187 565 188 188 566 201 200 567 188 188 568 189 189 569 202 201 570 189 189 571 190 190 572 203 202 573 190 190 574 191 191 575 204 203 576 203 202 577 192 192 578 205 204 579 192 192 580 193 193 581 206 205 582 193 193 583 194 194 584 207 206 585 194 194 586 195 195 587 208 207 588 195 195 589 196 196 590 209 208 591 196 196 592 197 209 593 210 210 594 197 209 595 198 197 596 211 211 597 198 197 598 199 198 599 212 212 600 199 198 601 200 199 602 213 213 603 200 199 604 201 200 605 214 214 606 201 200 607 202 201 608 215 215 609 202 201 610 203 202 611 204 203 612 227 216 613 215 215 614 217 217 615 204 203 616 205 204 617 218 218 618 205 204 619 206 205 620 219 219 621 206 205 622 207 206 623 220 220 624 207 206 625 208 207 626 221 221 627 208 207 628 209 208 629 222 222 630 209 208 631 210 210 632 223 223 633 210 210 634 211 211 635 224 224 636 211 211 637 212 212 638 213 213 639 224 224 640 212 212 641 226 225 642 213 213 643 214 214 644 227 216 645 214 214 646 215 215 647 228 226 648 227 216 649 216 227 650 217 217 651 228 226 652 216 227 653 218 218 654 229 228 655 217 217 656 231 229 657 218 218 658 219 219 659 232 230 660 219 219 661 220 220 662 233 231 663 220 220 664 221 221 665 234 232 666 221 221 667 222 222 668 235 233 669 222 222 670 223 223 671 224 224 672 235 233 673 223 223 674 237 234 675 224 224 676 225 235 677 238 236 678 225 235 679 226 225 680 239 237 681 226 225 682 227 216 683 240 238 684 239 237 685 228 226 686 241 239 687 228 226 688 229 228 689 242 240 690 229 228 691 230 241 692 243 242 693 230 241 694 231 229 695 244 243 696 231 229 697 232 230 698 245 244 699 232 230 700 233 231 701 246 245 702 233 231 703 234 232 704 247 246 705 234 232 706 235 233 707 248 247 708 235 233 709 236 248 710 249 249 711 236 248 712 237 234 713 250 250 714 237 234 715 238 236 716 251 251 717 238 236 718 239 237 719 252 252 720 251 251 721 240 238 722 253 253 723 240 238 724 241 239 725 254 254 726 241 239 727 242 240 728 255 255 729 242 240 730 243 242 731 256 256 732 243 242 733 244 243 734 257 173 735 244 243 736 245 244 737 258 257 738 245 244 739 246 245 740 259 258 741 246 245 742 247 246 743 260 259 744 247 246 745 248 247 746 261 260 747 248 247 748 249 249 749 262 261 750 249 249 751 250 250 752 263 262 753 250 250 754 251 251 755 264 263 756 263 262 757 252 252 758 265 253 759 252 252 760 253 253 761 266 264 762 253 253 763 254 254 764 267 265 765 254 254 766 255 255 767 268 159 768 255 255 769 256 256 770 269 266 771 256 256 772 257 173 773 270 267 774 257 173 775 258 257 776 271 268 777 258 257 778 259 258 779 272 269 780 259 258 781 260 259 782 273 270 783 260 259 784 261 260 785 274 271 786 261 260 787 262 261 788 275 272 789 262 261 790 263 262 791 264 263 792 287 273 793 275 272 794 277 274 795 264 263 796 265 253 797 278 275 798 265 253 799 266 264 800 279 276 801 266 264 802 267 265 803 280 277 804 267 265 805 268 159 806 281 278 807 268 159 808 269 266 809 282 279 810 269 266 811 270 267 812 271 268 813 282 279 814 270 267 815 284 280 816 271 268 817 272 269 818 285 281 819 272 269 820 273 270 821 286 282 822 273 270 823 274 271 824 287 273 825 274 271 826 275 272 827 288 283 828 287 273 829 276 284 830 289 285 831 276 284 832 277 274 833 290 286 834 277 274 835 278 275 836 291 287 837 278 275 838 279 276 839 292 288 840 279 276 841 280 277 842 281 278 843 292 288 844 280 277 845 294 289 846 281 278 847 282 279 848 283 290 849 294 289 850 282 279 851 296 291 852 283 290 853 284 280 854 297 292 855 284 280 856 285 281 857 298 293 858 285 281 859 286 282 860 287 273 861 298 293 862 286 282 863 300 294 864 299 295 865 288 283 866 301 296 867 288 283 868 289 285 869 302 297 870 289 285 871 290 286 872 303 298 873 290 286 874 291 287 875 304 299 876 291 287 877 292 288 878 305 300 879 292 288 880 293 301 881 306 302 882 293 301 883 294 289 884 307 303 885 294 289 886 295 304 887 308 305 888 295 304 889 296 291 890 309 306 891 296 291 892 297 292 893 310 307 894 297 292 895 298 293 896 311 308 897 298 293 898 299 295 899 312 309 900 311 308 901 300 294 902 313 310 903 300 294 904 301 296 905 314 311 906 301 296 907 302 297 908 303 298 909 314 311 910 302 297 911 316 312 912 303 298 913 304 299 914 317 313 915 304 299 916 305 300 917 318 314 918 305 300 919 306 302 920 319 315 921 306 302 922 307 303 923 320 316 924 307 303 925 308 305 926 321 317 927 308 305 928 309 306 929 322 318 930 309 306 931 310 307 932 323 319 933 310 307 934 311 308 935 324 155 936 323 319 937 312 309 938 325 253 939 312 309 940 313 310 941 326 320 942 313 310 943 314 311 944 327 321 945 314 311 946 315 322 947 328 159 948 315 322 949 316 312 950 329 323 951 316 312 952 317 313 953 330 324 954 317 313 955 318 314 956 331 175 957 318 314 958 319 315 959 332 325 960 319 315 961 320 316 962 333 326 963 320 316 964 321 317 965 334 327 966 321 317 967 322 318 968 335 328 969 322 318 970 323 319 971 336 329 972 335 328 973 324 155 974 337 330 975 324 155 976 325 253 977 338 331 978 325 253 979 326 320 980 339 332 981 326 320 982 327 321 983 340 333 984 327 321 985 328 159 986 341 334 987 328 159 988 329 323 989 342 335 990 329 323 991 330 324 992 343 336 993 330 324 994 331 175 995 344 337 996 331 175 997 332 325 998 345 338 999 332 325 1000 333 326 1001 346 339 1002 333 326 1003 334 327 1004 347 340 1005 334 327 1006 335 328 1007 348 341 1008 347 340 1009 336 329 1010 337 330 1011 348 341 1012 336 329 1013 338 331 1014 349 342 1015 337 330 1016 351 343 1017 338 331 1018 339 332 1019 352 344 1020 339 332 1021 340 333 1022 353 345 1023 340 333 1024 341 334 1025 354 346 1026 341 334 1027 342 335 1028 343 336 1029 354 346 1030 342 335 1031 344 337 1032 355 347 1033 343 336 1034 357 348 1035 344 337 1036 345 338 1037 358 349 1038 345 338 1039 346 339 1040 359 350 1041 346 339 1042 347 340 1043 360 351 1044 359 350 1045 348 341 1046 361 352 1047 348 341 1048 349 342 1049 362 353 1050 349 342 1051 350 354 1052 363 321 1053 350 354 1054 351 343 1055 364 355 1056 351 343 1057 352 344 1058 365 356 1059 352 344 1060 353 345 1061 366 357 1062 353 345 1063 354 346 1064 367 358 1065 354 346 1066 355 347 1067 368 359 1068 355 347 1069 356 360 1070 369 177 1071 356 360 1072 357 348 1073 370 271 1074 357 348 1075 358 349 1076 371 361 1077 358 349 1078 359 350 1079 372 155 1080 371 361 1081 360 351 1082 373 362 1083 360 351 1084 361 352 1085 374 363 1086 361 352 1087 362 353 1088 375 364 1089 362 353 1090 363 321 1091 376 355 1092 363 321 1093 364 355 1094 377 266 1095 364 355 1096 365 356 1097 378 365 1098 365 356 1099 366 357 1100 379 366 1101 366 357 1102 367 358 1103 380 367 1104 367 358 1105 368 359 1106 381 177 1107 368 359 1108 369 177 1109 382 271 1110 369 177 1111 370 271 1112 383 368 1113 370 271 1114 371 361 1115 384 351 1116 383 368 1117 372 155 1118 385 253 1119 372 155 1120 373 362 1121 386 369 1122 373 362 1123 374 363 1124 387 364 1125 374 363 1126 375 364 1127 388 355 1128 375 364 1129 376 355 1130 389 370 1131 376 355 1132 377 266 1133 390 357 1134 377 266 1135 378 365 1136 391 366 1137 378 365 1138 379 366 1139 392 371 1140 379 366 1141 380 367 1142 393 372 1143 380 367 1144 381 177 1145 394 271 1146 381 177 1147 382 271 1148 395 368 1149 382 271 1150 383 368 1151 396 373 1152 395 368 1153 384 351 1154 397 374 1155 384 351 1156 385 253 1157 398 375 1158 385 253 1159 386 369 1160 399 265 1161 386 369 1162 387 364 1163 400 355 1164 387 364 1165 388 355 1166 401 376 1167 388 355 1168 389 370 1169 402 357 1170 389 370 1171 390 357 1172 403 366 1173 390 357 1174 391 366 1175 404 371 1176 391 366 1177 392 371 1178 405 177 1179 392 371 1180 393 372 1181 406 166 1182 393 372 1183 394 271 1184 407 377 1185 394 271 1186 395 368 1187 408 378 1188 407 377 1189 396 373 1190 409 379 1191 396 373 1192 397 374 1193 410 380 1194 397 374 1195 398 375 1196 411 381 1197 398 375 1198 399 265 1199 412 382 1200 399 265 1201 400 355 1202 413 383 1203 400 355 1204 401 376 1205 414 384 1206 401 376 1207 402 357 1208 415 385 1209 402 357 1210 403 366 1211 416 386 1212 403 366 1213 404 371 1214 417 387 1215 404 371 1216 405 177 1217 418 388 1218 405 177 1219 406 166 1220 419 389 1221 406 166 1222 407 377 1223 420 390 1224 419 389 1225 408 378 1226 421 391 1227 408 378 1228 409 379 1229 422 392 1230 409 379 1231 410 380 1232 423 393 1233 410 380 1234 411 381 1235 424 394 1236 411 381 1237 412 382 1238 425 395 1239 412 382 1240 413 383 1241 426 396 1242 413 383 1243 414 384 1244 427 397 1245 414 384 1246 415 385 1247 428 398 1248 415 385 1249 416 386 1250 429 399 1251 416 386 1252 417 387 1253 430 400 1254 417 387 1255 418 388 1256 431 401 1257 418 388 1258 419 389 1259 432 402 1260 431 401 1261 420 390 1262 433 403 1263 420 390 1264 421 391 1265 434 404 1266 421 391 1267 422 392 1268 435 405 1269 422 392 1270 423 393 1271 436 406 1272 423 393 1273 424 394 1274 437 407 1275 424 394 1276 425 395 1277 438 408 1278 425 395 1279 426 396 1280 439 409 1281 426 396 1282 427 397 1283 440 410 1284 427 397 1285 428 398 1286 441 411 1287 428 398 1288 429 399 1289 442 412 1290 429 399 1291 430 400 1292 443 413 1293 430 400 1294 431 401 1295 444 155 1296 443 413 1297 432 402 1298 445 414 1299 432 402 1300 433 403 1301 446 415 1302 433 403 1303 434 404 1304 447 171 1305 434 404 1306 435 405 1307 448 416 1308 435 405 1309 436 406 1310 449 370 1311 436 406 1312 437 407 1313 450 417 1314 437 407 1315 438 408 1316 451 418 1317 438 408 1318 439 409 1319 452 419 1320 439 409 1321 440 410 1322 453 420 1323 440 410 1324 441 411 1325 454 421 1326 441 411 1327 442 412 1328 455 368 1329 442 412 1330 443 413 1331 456 155 1332 455 368 1333 444 155 1334 457 422 1335 444 155 1336 445 414 1337 458 423 1338 445 414 1339 446 415 1340 459 171 1341 446 415 1342 447 171 1343 460 424 1344 447 171 1345 448 416 1346 461 425 1347 448 416 1348 449 370 1349 462 426 1350 449 370 1351 450 417 1352 463 427 1353 450 417 1354 451 418 1355 464 176 1356 451 418 1357 452 419 1358 465 428 1359 452 419 1360 453 420 1361 466 429 1362 453 420 1363 454 421 1364 467 368 1365 454 421 1366 455 368 1367 468 155 1368 467 368 1369 456 155 1370 469 430 1371 456 155 1372 457 422 1373 470 431 1374 457 422 1375 458 423 1376 471 171 1377 458 423 1378 459 171 1379 472 432 1380 459 171 1381 460 424 1382 473 433 1383 460 424 1384 461 425 1385 474 434 1386 461 425 1387 462 426 1388 475 435 1389 462 426 1390 463 427 1391 476 436 1392 463 427 1393 464 176 1394 477 437 1395 464 176 1396 465 428 1397 478 438 1398 465 428 1399 466 429 1400 479 439 1401 466 429 1402 467 368 1403 480 440 1404 479 439 1405 468 155 1406 481 441 1407 468 155 1408 469 430 1409 482 442 1410 469 430 1411 470 431 1412 483 443 1413 470 431 1414 471 171 1415 484 444 1416 471 171 1417 472 432 1418 485 445 1419 472 432 1420 473 433 1421 486 446 1422 473 433 1423 474 434 1424 487 447 1425 474 434 1426 475 435 1427 488 448 1428 475 435 1429 476 436 1430 489 449 1431 476 436 1432 477 437 1433 490 450 1434 477 437 1435 478 438 1436 491 451 1437 478 438 1438 479 439 1439 492 452 1440 491 451 1441 480 440 1442 481 441 1443 492 452 1444 480 440 1445 482 442 1446 493 453 1447 481 441 1448 483 443 1449 494 454 1450 482 442 1451 496 455 1452 483 443 1453 484 444 1454 497 456 1455 484 444 1456 485 445 1457 498 457 1458 485 445 1459 486 446 1460 487 447 1461 498 457 1462 486 446 1463 500 458 1464 487 447 1465 488 448 1466 501 459 1467 488 448 1468 489 449 1469 502 460 1470 489 449 1471 490 450 1472 491 451 1473 502 460 1474 490 450 1475 492 452 1476 515 461 1477 503 462 1478 493 453 1479 504 463 1480 492 452 1481 506 464 1482 493 453 1483 494 454 1484 507 465 1485 494 454 1486 495 466 1487 508 467 1488 495 466 1489 496 455 1490 509 468 1491 496 455 1492 497 456 1493 510 469 1494 497 456 1495 498 457 1496 499 470 1497 510 469 1498 498 457 1499 512 471 1500 499 470 1501 500 458 1502 513 472 1503 500 458 1504 501 459 1505 514 473 1506 501 459 1507 502 460 1508 515 461 1509 502 460 1510 503 462 1511 516 474 1512 515 461 1513 504 463 1514 517 475 1515 504 463 1516 505 476 1517 518 477 1518 505 476 1519 506 464 1520 519 364 1521 506 464 1522 507 465 1523 520 478 1524 507 465 1525 508 467 1526 521 479 1527 508 467 1528 509 468 1529 522 480 1530 509 468 1531 510 469 1532 523 358 1533 510 469 1534 511 481 1535 524 482 1536 511 481 1537 512 471 1538 525 483 1539 512 471 1540 513 472 1541 526 261 1542 513 472 1543 514 473 1544 527 484 1545 514 473 1546 515 461 1547 528 485 1548 527 484 1549 516 474 1550 529 486 1551 516 474 1552 517 475 1553 530 487 1554 517 475 1555 518 477 1556 531 488 1557 518 477 1558 519 364 1559 532 478 1560 519 364 1561 520 478 1562 533 489 1563 520 478 1564 521 479 1565 534 490 1566 521 479 1567 522 480 1568 535 491 1569 522 480 1570 523 358 1571 536 492 1572 523 358 1573 524 482 1574 537 493 1575 524 482 1576 525 483 1577 538 494 1578 525 483 1579 526 261 1580 539 495 1581 526 261 1582 527 484 1583 540 496 1584 539 495 1585 528 485 1586 541 497 1587 528 485 1588 529 486 1589 542 431 1590 529 486 1591 530 487 1592 543 498 1593 530 487 1594 531 488 1595 544 159 1596 531 488 1597 532 478 1598 545 499 1599 532 478 1600 533 489 1601 546 500 1602 533 489 1603 534 490 1604 547 501 1605 534 490 1606 535 491 1607 548 502 1608 535 491 1609 536 492 1610 549 503 1611 536 492 1612 537 493 1613 550 429 1614 537 493 1615 538 494 1616 551 504 1617 538 494 1618 539 495 1619 552 496 1620 551 504 1621 540 496 1622 553 497 1623 540 496 1624 541 497 1625 554 431 1626 541 497 1627 542 431 1628 555 364 1629 542 431 1630 543 498 1631 556 505 1632 543 498 1633 544 159 1634 557 506 1635 544 159 1636 545 499 1637 558 507 1638 545 499 1639 546 500 1640 559 435 1641 546 500 1642 547 501 1643 560 436 1644 547 501 1645 548 502 1646 561 508 1647 548 502 1648 549 503 1649 562 166 1650 549 503 1651 550 429 1652 563 504 1653 550 429 1654 551 504 1655 564 509 1656 563 504 1657 552 496 1658 565 510 1659 552 496 1660 553 497 1661 566 511 1662 553 497 1663 554 431 1664 567 512 1665 554 431 1666 555 364 1667 568 513 1668 555 364 1669 556 505 1670 569 514 1671 556 505 1672 557 506 1673 570 515 1674 557 506 1675 558 507 1676 571 516 1677 558 507 1678 559 435 1679 572 517 1680 559 435 1681 560 436 1682 573 518 1683 560 436 1684 561 508 1685 574 519 1686 561 508 1687 562 166 1688 575 520 1689 562 166 1690 563 504 1691 12 0 1692 23 21 1693 11 1 1694 13 3 1695 12 0 1696 0 2 1697 2 5 1698 14 25 1699 13 3 1700 15 6 1701 14 25 1702 2 5 1703 16 8 1704 15 6 1705 3 7 1706 17 10 1707 16 8 1708 4 9 1709 18 12 1710 17 10 1711 5 11 1712 19 14 1713 18 12 1714 6 13 1715 20 16 1716 19 14 1717 7 15 1718 9 18 1719 21 31 1720 20 16 1721 22 19 1722 21 31 1723 9 18 1724 23 21 1725 22 19 1726 10 20 1727 12 0 1728 24 23 1729 35 22 1730 13 3 1731 25 36 1732 24 23 1733 26 24 1734 25 36 1735 13 3 1736 27 26 1737 26 24 1738 14 25 1739 28 27 1740 27 26 1741 15 6 1742 29 28 1743 28 27 1744 16 8 1745 30 29 1746 29 28 1747 17 10 1748 19 14 1749 31 30 1750 30 29 1751 20 16 1752 32 32 1753 31 30 1754 21 31 1755 33 45 1756 32 32 1757 34 33 1758 33 45 1759 21 31 1760 35 22 1761 34 33 1762 22 19 1763 36 34 1764 47 47 1765 35 22 1766 37 35 1767 36 34 1768 24 23 1769 38 37 1770 37 35 1771 25 36 1772 39 38 1773 38 37 1774 26 24 1775 40 39 1776 39 38 1777 27 26 1778 41 40 1779 40 39 1780 28 27 1781 42 41 1782 41 40 1783 29 28 1784 43 42 1785 42 41 1786 30 29 1787 44 43 1788 43 42 1789 31 30 1790 45 44 1791 44 43 1792 32 32 1793 46 46 1794 45 44 1795 33 45 1796 47 47 1797 46 46 1798 34 33 1799 48 48 1800 59 56 1801 47 47 1802 49 49 1803 48 48 1804 36 34 1805 38 37 1806 50 60 1807 49 49 1808 51 50 1809 50 60 1810 38 37 1811 40 39 1812 52 63 1813 51 50 1814 53 51 1815 52 63 1816 40 39 1817 54 52 1818 53 51 1819 41 40 1820 55 53 1821 54 52 1822 42 41 1823 56 54 1824 55 53 1825 43 42 1826 45 44 1827 57 68 1828 56 54 1829 58 55 1830 57 68 1831 45 44 1832 59 56 1833 58 55 1834 46 46 1835 48 48 1836 60 58 1837 71 57 1838 49 49 1839 61 72 1840 60 58 1841 62 59 1842 61 72 1843 49 49 1844 63 61 1845 62 59 1846 50 60 1847 64 62 1848 63 61 1849 51 50 1850 65 64 1851 64 62 1852 52 63 1853 66 65 1854 65 64 1855 53 51 1856 55 53 1857 67 77 1858 66 65 1859 68 66 1860 67 77 1861 55 53 1862 69 67 1863 68 66 1864 56 54 1865 70 69 1866 69 67 1867 57 68 1868 71 57 1869 70 69 1870 58 55 1871 72 70 1872 83 81 1873 71 57 1874 73 71 1875 72 70 1876 60 58 1877 74 73 1878 73 71 1879 61 72 1880 63 61 1881 75 86 1882 74 73 1883 76 74 1884 75 86 1885 63 61 1886 77 75 1887 76 74 1888 64 62 1889 66 65 1890 78 90 1891 77 75 1892 79 76 1893 78 90 1894 66 65 1895 80 78 1896 79 76 1897 67 77 1898 81 79 1899 80 78 1900 68 66 1901 82 80 1902 81 79 1903 69 67 1904 83 81 1905 82 80 1906 70 69 1907 84 82 1908 95 95 1909 83 81 1910 85 83 1911 84 82 1912 72 70 1913 86 84 1914 85 83 1915 73 71 1916 87 85 1917 86 84 1918 74 73 1919 88 87 1920 87 85 1921 75 86 1922 89 88 1923 88 87 1924 76 74 1925 90 89 1926 89 88 1927 77 75 1928 91 91 1929 90 89 1930 78 90 1931 92 92 1932 91 91 1933 79 76 1934 93 93 1935 92 92 1936 80 78 1937 94 94 1938 93 93 1939 81 79 1940 95 95 1941 94 94 1942 82 80 1943 96 96 1944 107 107 1945 95 95 1946 97 97 1947 96 96 1948 84 82 1949 98 98 1950 97 97 1951 85 83 1952 99 99 1953 98 98 1954 86 84 1955 100 100 1956 99 99 1957 87 85 1958 101 101 1959 100 100 1960 88 87 1961 102 102 1962 101 101 1963 89 88 1964 103 103 1965 102 102 1966 90 89 1967 104 104 1968 103 103 1969 91 91 1970 105 105 1971 104 104 1972 92 92 1973 106 106 1974 105 105 1975 93 93 1976 107 107 1977 106 106 1978 94 94 1979 96 96 1980 108 120 1981 119 108 1982 109 109 1983 108 120 1984 96 96 1985 110 110 1986 109 109 1987 97 97 1988 111 111 1989 110 110 1990 98 98 1991 112 112 1992 111 111 1993 99 99 1994 113 113 1995 112 112 1996 100 100 1997 114 114 1998 113 113 1999 101 101 2000 115 115 2001 114 114 2002 102 102 2003 116 116 2004 115 115 2005 103 103 2006 117 117 2007 116 116 2008 104 104 2009 118 118 2010 117 117 2011 105 105 2012 119 108 2013 118 118 2014 106 106 2015 120 119 2016 131 131 2017 119 108 2018 121 121 2019 120 119 2020 108 120 2021 122 122 2022 121 121 2023 109 109 2024 123 123 2025 122 122 2026 110 110 2027 124 124 2028 123 123 2029 111 111 2030 125 125 2031 124 124 2032 112 112 2033 126 126 2034 125 125 2035 113 113 2036 127 127 2037 126 126 2038 114 114 2039 128 128 2040 127 127 2041 115 115 2042 129 129 2043 128 128 2044 116 116 2045 130 130 2046 129 129 2047 117 117 2048 131 131 2049 130 130 2050 118 118 2051 132 132 2052 143 142 2053 131 131 2054 133 133 2055 132 132 2056 120 119 2057 134 134 2058 133 133 2059 121 121 2060 135 135 2061 134 134 2062 122 122 2063 136 136 2064 135 135 2065 123 123 2066 137 137 2067 136 136 2068 124 124 2069 138 138 2070 137 137 2071 125 125 2072 139 139 2073 138 138 2074 126 126 2075 140 140 2076 139 139 2077 127 127 2078 141 141 2079 140 140 2080 128 128 2081 130 130 2082 142 153 2083 141 141 2084 143 142 2085 142 153 2086 130 130 2087 144 143 2088 155 154 2089 143 142 2090 145 144 2091 144 143 2092 132 132 2093 146 145 2094 145 144 2095 133 133 2096 147 146 2097 146 145 2098 134 134 2099 148 147 2100 147 146 2101 135 135 2102 149 148 2103 148 147 2104 136 136 2105 150 149 2106 149 148 2107 137 137 2108 151 150 2109 150 149 2110 138 138 2111 140 140 2112 152 164 2113 151 150 2114 153 151 2115 152 164 2116 140 140 2117 154 152 2118 153 151 2119 141 141 2120 155 154 2121 154 152 2122 142 153 2123 156 155 2124 167 167 2125 155 154 2126 157 156 2127 156 155 2128 144 143 2129 158 157 2130 157 156 2131 145 144 2132 159 158 2133 158 157 2134 146 145 2135 160 159 2136 159 158 2137 147 146 2138 161 160 2139 160 159 2140 148 147 2141 162 161 2142 161 160 2143 149 148 2144 163 162 2145 162 161 2146 150 149 2147 164 163 2148 163 162 2149 151 150 2150 165 165 2151 164 163 2152 152 164 2153 166 166 2154 165 165 2155 153 151 2156 167 167 2157 166 166 2158 154 152 2159 168 168 2160 179 179 2161 167 167 2162 169 169 2163 168 168 2164 156 155 2165 170 170 2166 169 169 2167 157 156 2168 171 171 2169 170 170 2170 158 157 2171 172 172 2172 171 171 2173 159 158 2174 173 173 2175 172 172 2176 160 159 2177 174 174 2178 173 173 2179 161 160 2180 175 175 2181 174 174 2182 162 161 2183 176 176 2184 175 175 2185 163 162 2186 177 177 2187 176 176 2188 164 163 2189 178 178 2190 177 177 2191 165 165 2192 179 179 2193 178 178 2194 166 166 2195 180 180 2196 191 191 2197 179 179 2198 181 181 2199 180 180 2200 168 168 2201 182 182 2202 181 181 2203 169 169 2204 183 183 2205 182 182 2206 170 170 2207 184 184 2208 183 183 2209 171 171 2210 185 185 2211 184 184 2212 172 172 2213 186 186 2214 185 185 2215 173 173 2216 187 187 2217 186 186 2218 174 174 2219 188 188 2220 187 187 2221 175 175 2222 189 189 2223 188 188 2224 176 176 2225 190 190 2226 189 189 2227 177 177 2228 191 191 2229 190 190 2230 178 178 2231 192 192 2232 203 202 2233 191 191 2234 193 193 2235 192 192 2236 180 180 2237 194 194 2238 193 193 2239 181 181 2240 195 195 2241 194 194 2242 182 182 2243 196 196 2244 195 195 2245 183 183 2246 185 185 2247 197 209 2248 196 196 2249 198 197 2250 197 209 2251 185 185 2252 199 198 2253 198 197 2254 186 186 2255 200 199 2256 199 198 2257 187 187 2258 201 200 2259 200 199 2260 188 188 2261 202 201 2262 201 200 2263 189 189 2264 203 202 2265 202 201 2266 190 190 2267 204 203 2268 215 215 2269 203 202 2270 205 204 2271 204 203 2272 192 192 2273 206 205 2274 205 204 2275 193 193 2276 207 206 2277 206 205 2278 194 194 2279 208 207 2280 207 206 2281 195 195 2282 209 208 2283 208 207 2284 196 196 2285 210 210 2286 209 208 2287 197 209 2288 211 211 2289 210 210 2290 198 197 2291 212 212 2292 211 211 2293 199 198 2294 213 213 2295 212 212 2296 200 199 2297 214 214 2298 213 213 2299 201 200 2300 215 215 2301 214 214 2302 202 201 2303 204 203 2304 216 227 2305 227 216 2306 217 217 2307 216 227 2308 204 203 2309 218 218 2310 217 217 2311 205 204 2312 219 219 2313 218 218 2314 206 205 2315 220 220 2316 219 219 2317 207 206 2318 221 221 2319 220 220 2320 208 207 2321 222 222 2322 221 221 2323 209 208 2324 223 223 2325 222 222 2326 210 210 2327 224 224 2328 223 223 2329 211 211 2330 213 213 2331 225 235 2332 224 224 2333 226 225 2334 225 235 2335 213 213 2336 227 216 2337 226 225 2338 214 214 2339 228 226 2340 239 237 2341 227 216 2342 217 217 2343 229 228 2344 228 226 2345 218 218 2346 230 241 2347 229 228 2348 231 229 2349 230 241 2350 218 218 2351 232 230 2352 231 229 2353 219 219 2354 233 231 2355 232 230 2356 220 220 2357 234 232 2358 233 231 2359 221 221 2360 235 233 2361 234 232 2362 222 222 2363 224 224 2364 236 248 2365 235 233 2366 237 234 2367 236 248 2368 224 224 2369 238 236 2370 237 234 2371 225 235 2372 239 237 2373 238 236 2374 226 225 2375 240 238 2376 251 251 2377 239 237 2378 241 239 2379 240 238 2380 228 226 2381 242 240 2382 241 239 2383 229 228 2384 243 242 2385 242 240 2386 230 241 2387 244 243 2388 243 242 2389 231 229 2390 245 244 2391 244 243 2392 232 230 2393 246 245 2394 245 244 2395 233 231 2396 247 246 2397 246 245 2398 234 232 2399 248 247 2400 247 246 2401 235 233 2402 249 249 2403 248 247 2404 236 248 2405 250 250 2406 249 249 2407 237 234 2408 251 251 2409 250 250 2410 238 236 2411 252 252 2412 263 262 2413 251 251 2414 253 253 2415 252 252 2416 240 238 2417 254 254 2418 253 253 2419 241 239 2420 255 255 2421 254 254 2422 242 240 2423 256 256 2424 255 255 2425 243 242 2426 257 173 2427 256 256 2428 244 243 2429 258 257 2430 257 173 2431 245 244 2432 259 258 2433 258 257 2434 246 245 2435 260 259 2436 259 258 2437 247 246 2438 261 260 2439 260 259 2440 248 247 2441 262 261 2442 261 260 2443 249 249 2444 263 262 2445 262 261 2446 250 250 2447 264 263 2448 275 272 2449 263 262 2450 265 253 2451 264 263 2452 252 252 2453 266 264 2454 265 253 2455 253 253 2456 267 265 2457 266 264 2458 254 254 2459 268 159 2460 267 265 2461 255 255 2462 269 266 2463 268 159 2464 256 256 2465 270 267 2466 269 266 2467 257 173 2468 271 268 2469 270 267 2470 258 257 2471 272 269 2472 271 268 2473 259 258 2474 273 270 2475 272 269 2476 260 259 2477 274 271 2478 273 270 2479 261 260 2480 275 272 2481 274 271 2482 262 261 2483 264 263 2484 276 284 2485 287 273 2486 277 274 2487 276 284 2488 264 263 2489 278 275 2490 277 274 2491 265 253 2492 279 276 2493 278 275 2494 266 264 2495 280 277 2496 279 276 2497 267 265 2498 281 278 2499 280 277 2500 268 159 2501 282 279 2502 281 278 2503 269 266 2504 271 268 2505 283 290 2506 282 279 2507 284 280 2508 283 290 2509 271 268 2510 285 281 2511 284 280 2512 272 269 2513 286 282 2514 285 281 2515 273 270 2516 287 273 2517 286 282 2518 274 271 2519 288 283 2520 299 295 2521 287 273 2522 289 285 2523 288 283 2524 276 284 2525 290 286 2526 289 285 2527 277 274 2528 291 287 2529 290 286 2530 278 275 2531 292 288 2532 291 287 2533 279 276 2534 281 278 2535 293 301 2536 292 288 2537 294 289 2538 293 301 2539 281 278 2540 283 290 2541 295 304 2542 294 289 2543 296 291 2544 295 304 2545 283 290 2546 297 292 2547 296 291 2548 284 280 2549 298 293 2550 297 292 2551 285 281 2552 287 273 2553 299 295 2554 298 293 2555 300 294 2556 311 308 2557 299 295 2558 301 296 2559 300 294 2560 288 283 2561 302 297 2562 301 296 2563 289 285 2564 303 298 2565 302 297 2566 290 286 2567 304 299 2568 303 298 2569 291 287 2570 305 300 2571 304 299 2572 292 288 2573 306 302 2574 305 300 2575 293 301 2576 307 303 2577 306 302 2578 294 289 2579 308 305 2580 307 303 2581 295 304 2582 309 306 2583 308 305 2584 296 291 2585 310 307 2586 309 306 2587 297 292 2588 311 308 2589 310 307 2590 298 293 2591 312 309 2592 323 319 2593 311 308 2594 313 310 2595 312 309 2596 300 294 2597 314 311 2598 313 310 2599 301 296 2600 303 298 2601 315 322 2602 314 311 2603 316 312 2604 315 322 2605 303 298 2606 317 313 2607 316 312 2608 304 299 2609 318 314 2610 317 313 2611 305 300 2612 319 315 2613 318 314 2614 306 302 2615 320 316 2616 319 315 2617 307 303 2618 321 317 2619 320 316 2620 308 305 2621 322 318 2622 321 317 2623 309 306 2624 323 319 2625 322 318 2626 310 307 2627 324 155 2628 335 328 2629 323 319 2630 325 253 2631 324 155 2632 312 309 2633 326 320 2634 325 253 2635 313 310 2636 327 321 2637 326 320 2638 314 311 2639 328 159 2640 327 321 2641 315 322 2642 329 323 2643 328 159 2644 316 312 2645 330 324 2646 329 323 2647 317 313 2648 331 175 2649 330 324 2650 318 314 2651 332 325 2652 331 175 2653 319 315 2654 333 326 2655 332 325 2656 320 316 2657 334 327 2658 333 326 2659 321 317 2660 335 328 2661 334 327 2662 322 318 2663 336 329 2664 347 340 2665 335 328 2666 337 330 2667 336 329 2668 324 155 2669 338 331 2670 337 330 2671 325 253 2672 339 332 2673 338 331 2674 326 320 2675 340 333 2676 339 332 2677 327 321 2678 341 334 2679 340 333 2680 328 159 2681 342 335 2682 341 334 2683 329 323 2684 343 336 2685 342 335 2686 330 324 2687 344 337 2688 343 336 2689 331 175 2690 345 338 2691 344 337 2692 332 325 2693 346 339 2694 345 338 2695 333 326 2696 347 340 2697 346 339 2698 334 327 2699 348 341 2700 359 350 2701 347 340 2702 337 330 2703 349 342 2704 348 341 2705 338 331 2706 350 354 2707 349 342 2708 351 343 2709 350 354 2710 338 331 2711 352 344 2712 351 343 2713 339 332 2714 353 345 2715 352 344 2716 340 333 2717 354 346 2718 353 345 2719 341 334 2720 343 336 2721 355 347 2722 354 346 2723 344 337 2724 356 360 2725 355 347 2726 357 348 2727 356 360 2728 344 337 2729 358 349 2730 357 348 2731 345 338 2732 359 350 2733 358 349 2734 346 339 2735 360 351 2736 371 361 2737 359 350 2738 361 352 2739 360 351 2740 348 341 2741 362 353 2742 361 352 2743 349 342 2744 363 321 2745 362 353 2746 350 354 2747 364 355 2748 363 321 2749 351 343 2750 365 356 2751 364 355 2752 352 344 2753 366 357 2754 365 356 2755 353 345 2756 367 358 2757 366 357 2758 354 346 2759 368 359 2760 367 358 2761 355 347 2762 369 177 2763 368 359 2764 356 360 2765 370 271 2766 369 177 2767 357 348 2768 371 361 2769 370 271 2770 358 349 2771 372 155 2772 383 368 2773 371 361 2774 373 362 2775 372 155 2776 360 351 2777 374 363 2778 373 362 2779 361 352 2780 375 364 2781 374 363 2782 362 353 2783 376 355 2784 375 364 2785 363 321 2786 377 266 2787 376 355 2788 364 355 2789 378 365 2790 377 266 2791 365 356 2792 379 366 2793 378 365 2794 366 357 2795 380 367 2796 379 366 2797 367 358 2798 381 177 2799 380 367 2800 368 359 2801 382 271 2802 381 177 2803 369 177 2804 383 368 2805 382 271 2806 370 271 2807 384 351 2808 395 368 2809 383 368 2810 385 253 2811 384 351 2812 372 155 2813 386 369 2814 385 253 2815 373 362 2816 387 364 2817 386 369 2818 374 363 2819 388 355 2820 387 364 2821 375 364 2822 389 370 2823 388 355 2824 376 355 2825 390 357 2826 389 370 2827 377 266 2828 391 366 2829 390 357 2830 378 365 2831 392 371 2832 391 366 2833 379 366 2834 393 372 2835 392 371 2836 380 367 2837 394 271 2838 393 372 2839 381 177 2840 395 368 2841 394 271 2842 382 271 2843 396 373 2844 407 377 2845 395 368 2846 397 374 2847 396 373 2848 384 351 2849 398 375 2850 397 374 2851 385 253 2852 399 265 2853 398 375 2854 386 369 2855 400 355 2856 399 265 2857 387 364 2858 401 376 2859 400 355 2860 388 355 2861 402 357 2862 401 376 2863 389 370 2864 403 366 2865 402 357 2866 390 357 2867 404 371 2868 403 366 2869 391 366 2870 405 177 2871 404 371 2872 392 371 2873 406 166 2874 405 177 2875 393 372 2876 407 377 2877 406 166 2878 394 271 2879 408 378 2880 419 389 2881 407 377 2882 409 379 2883 408 378 2884 396 373 2885 410 380 2886 409 379 2887 397 374 2888 411 381 2889 410 380 2890 398 375 2891 412 382 2892 411 381 2893 399 265 2894 413 383 2895 412 382 2896 400 355 2897 414 384 2898 413 383 2899 401 376 2900 415 385 2901 414 384 2902 402 357 2903 416 386 2904 415 385 2905 403 366 2906 417 387 2907 416 386 2908 404 371 2909 418 388 2910 417 387 2911 405 177 2912 419 389 2913 418 388 2914 406 166 2915 420 390 2916 431 401 2917 419 389 2918 421 391 2919 420 390 2920 408 378 2921 422 392 2922 421 391 2923 409 379 2924 423 393 2925 422 392 2926 410 380 2927 424 394 2928 423 393 2929 411 381 2930 425 395 2931 424 394 2932 412 382 2933 426 396 2934 425 395 2935 413 383 2936 427 397 2937 426 396 2938 414 384 2939 428 398 2940 427 397 2941 415 385 2942 429 399 2943 428 398 2944 416 386 2945 430 400 2946 429 399 2947 417 387 2948 431 401 2949 430 400 2950 418 388 2951 432 402 2952 443 413 2953 431 401 2954 433 403 2955 432 402 2956 420 390 2957 434 404 2958 433 403 2959 421 391 2960 435 405 2961 434 404 2962 422 392 2963 436 406 2964 435 405 2965 423 393 2966 437 407 2967 436 406 2968 424 394 2969 438 408 2970 437 407 2971 425 395 2972 439 409 2973 438 408 2974 426 396 2975 440 410 2976 439 409 2977 427 397 2978 441 411 2979 440 410 2980 428 398 2981 442 412 2982 441 411 2983 429 399 2984 443 413 2985 442 412 2986 430 400 2987 444 155 2988 455 368 2989 443 413 2990 445 414 2991 444 155 2992 432 402 2993 446 415 2994 445 414 2995 433 403 2996 447 171 2997 446 415 2998 434 404 2999 448 416 3000 447 171 3001 435 405 3002 449 370 3003 448 416 3004 436 406 3005 450 417 3006 449 370 3007 437 407 3008 451 418 3009 450 417 3010 438 408 3011 452 419 3012 451 418 3013 439 409 3014 453 420 3015 452 419 3016 440 410 3017 454 421 3018 453 420 3019 441 411 3020 455 368 3021 454 421 3022 442 412 3023 456 155 3024 467 368 3025 455 368 3026 457 422 3027 456 155 3028 444 155 3029 458 423 3030 457 422 3031 445 414 3032 459 171 3033 458 423 3034 446 415 3035 460 424 3036 459 171 3037 447 171 3038 461 425 3039 460 424 3040 448 416 3041 462 426 3042 461 425 3043 449 370 3044 463 427 3045 462 426 3046 450 417 3047 464 176 3048 463 427 3049 451 418 3050 465 428 3051 464 176 3052 452 419 3053 466 429 3054 465 428 3055 453 420 3056 467 368 3057 466 429 3058 454 421 3059 468 155 3060 479 439 3061 467 368 3062 469 430 3063 468 155 3064 456 155 3065 470 431 3066 469 430 3067 457 422 3068 471 171 3069 470 431 3070 458 423 3071 472 432 3072 471 171 3073 459 171 3074 473 433 3075 472 432 3076 460 424 3077 474 434 3078 473 433 3079 461 425 3080 475 435 3081 474 434 3082 462 426 3083 476 436 3084 475 435 3085 463 427 3086 477 437 3087 476 436 3088 464 176 3089 478 438 3090 477 437 3091 465 428 3092 479 439 3093 478 438 3094 466 429 3095 480 440 3096 491 451 3097 479 439 3098 481 441 3099 480 440 3100 468 155 3101 482 442 3102 481 441 3103 469 430 3104 483 443 3105 482 442 3106 470 431 3107 484 444 3108 483 443 3109 471 171 3110 485 445 3111 484 444 3112 472 432 3113 486 446 3114 485 445 3115 473 433 3116 487 447 3117 486 446 3118 474 434 3119 488 448 3120 487 447 3121 475 435 3122 489 449 3123 488 448 3124 476 436 3125 490 450 3126 489 449 3127 477 437 3128 491 451 3129 490 450 3130 478 438 3131 492 452 3132 503 462 3133 491 451 3134 481 441 3135 493 453 3136 492 452 3137 482 442 3138 494 454 3139 493 453 3140 483 443 3141 495 466 3142 494 454 3143 496 455 3144 495 466 3145 483 443 3146 497 456 3147 496 455 3148 484 444 3149 498 457 3150 497 456 3151 485 445 3152 487 447 3153 499 470 3154 498 457 3155 500 458 3156 499 470 3157 487 447 3158 501 459 3159 500 458 3160 488 448 3161 502 460 3162 501 459 3163 489 449 3164 491 451 3165 503 462 3166 502 460 3167 492 452 3168 504 463 3169 515 461 3170 493 453 3171 505 476 3172 504 463 3173 506 464 3174 505 476 3175 493 453 3176 507 465 3177 506 464 3178 494 454 3179 508 467 3180 507 465 3181 495 466 3182 509 468 3183 508 467 3184 496 455 3185 510 469 3186 509 468 3187 497 456 3188 499 470 3189 511 481 3190 510 469 3191 512 471 3192 511 481 3193 499 470 3194 513 472 3195 512 471 3196 500 458 3197 514 473 3198 513 472 3199 501 459 3200 515 461 3201 514 473 3202 502 460 3203 516 474 3204 527 484 3205 515 461 3206 517 475 3207 516 474 3208 504 463 3209 518 477 3210 517 475 3211 505 476 3212 519 364 3213 518 477 3214 506 464 3215 520 478 3216 519 364 3217 507 465 3218 521 479 3219 520 478 3220 508 467 3221 522 480 3222 521 479 3223 509 468 3224 523 358 3225 522 480 3226 510 469 3227 524 482 3228 523 358 3229 511 481 3230 525 483 3231 524 482 3232 512 471 3233 526 261 3234 525 483 3235 513 472 3236 527 484 3237 526 261 3238 514 473 3239 528 485 3240 539 495 3241 527 484 3242 529 486 3243 528 485 3244 516 474 3245 530 487 3246 529 486 3247 517 475 3248 531 488 3249 530 487 3250 518 477 3251 532 478 3252 531 488 3253 519 364 3254 533 489 3255 532 478 3256 520 478 3257 534 490 3258 533 489 3259 521 479 3260 535 491 3261 534 490 3262 522 480 3263 536 492 3264 535 491 3265 523 358 3266 537 493 3267 536 492 3268 524 482 3269 538 494 3270 537 493 3271 525 483 3272 539 495 3273 538 494 3274 526 261 3275 540 496 3276 551 504 3277 539 495 3278 541 497 3279 540 496 3280 528 485 3281 542 431 3282 541 497 3283 529 486 3284 543 498 3285 542 431 3286 530 487 3287 544 159 3288 543 498 3289 531 488 3290 545 499 3291 544 159 3292 532 478 3293 546 500 3294 545 499 3295 533 489 3296 547 501 3297 546 500 3298 534 490 3299 548 502 3300 547 501 3301 535 491 3302 549 503 3303 548 502 3304 536 492 3305 550 429 3306 549 503 3307 537 493 3308 551 504 3309 550 429 3310 538 494 3311 552 496 3312 563 504 3313 551 504 3314 553 497 3315 552 496 3316 540 496 3317 554 431 3318 553 497 3319 541 497 3320 555 364 3321 554 431 3322 542 431 3323 556 505 3324 555 364 3325 543 498 3326 557 506 3327 556 505 3328 544 159 3329 558 507 3330 557 506 3331 545 499 3332 559 435 3333 558 507 3334 546 500 3335 560 436 3336 559 435 3337 547 501 3338 561 508 3339 560 436 3340 548 502 3341 562 166 3342 561 508 3343 549 503 3344 563 504 3345 562 166 3346 550 429 3347 564 509 3348 575 520 3349 563 504 3350 565 510 3351 564 509 3352 552 496 3353 566 511 3354 565 510 3355 553 497 3356 567 512 3357 566 511 3358 554 431 3359 568 513 3360 567 512 3361 555 364 3362 569 514 3363 568 513 3364 556 505 3365 570 515 3366 569 514 3367 557 506 3368 571 516 3369 570 515 3370 558 507 3371 572 517 3372 571 516 3373 559 435 3374 573 518 3375 572 517 3376 560 436 3377 574 519 3378 573 518 3379 561 508 3380 575 520 3381 574 519 3382 562 166 3383</p>
        </triangles>
      </mesh>
    </geometry>
    <geometry id="NurbsPath-mesh" name="NurbsPath">
      <mesh>
        <source id="NurbsPath-mesh-positions">
          <float_array id="NurbsPath-mesh-positions-array" count="1728">-2 0.1732051 0.0999999 -2 0.1 0.173205 -2 0 0.2 -2 -0.0999999 0.1732051 -2 -0.173205 0.1000001 -2 -0.2 1.63913e-7 -2 -0.1732051 -0.09999984 -2 -0.1000002 -0.173205 -2 -1.93715e-7 -0.1999999 -2 0.09999978 -0.1732051 -2 0.173205 -0.1000002 -2 0.1999999 -1.93715e-7 -1.914894 0.1732051 0.0999999 -1.914894 0.1 0.173205 -1.914894 0 0.1999999 -1.914894 -0.0999999 0.1732051 -1.914894 -0.173205 0.1000001 -1.914894 -0.1999999 1.63913e-7 -1.914894 -0.1732051 -0.09999984 -1.914894 -0.1000002 -0.173205 -1.914894 -1.93715e-7 -0.1999999 -1.914894 0.09999978 -0.1732051 -1.914894 0.173205 -0.1000002 -1.914894 0.1999999 -1.93715e-7 -1.829787 0.1732051 0.09999996 -1.829787 0.1000001 0.173205 -1.829787 0 0.2 -1.829787 -0.0999999 0.1732051 -1.829787 -0.173205 0.1000001 -1.829787 -0.2 1.63913e-7 -1.829787 -0.1732052 -0.09999984 -1.829787 -0.1000002 -0.173205 -1.829787 -1.93715e-7 -0.2 -1.829787 0.09999984 -0.1732051 -1.829787 0.173205 -0.1000002 -1.829787 0.2 -1.93715e-7 -1.744681 0.1732051 0.0999999 -1.744681 0.1 0.173205 -1.744681 0 0.2 -1.744681 -0.0999999 0.1732051 -1.744681 -0.173205 0.1000001 -1.744681 -0.2 1.63913e-7 -1.744681 -0.1732051 -0.09999984 -1.744681 -0.1000002 -0.173205 -1.744681 -1.93715e-7 -0.1999999 -1.744681 0.09999978 -0.1732051 -1.744681 0.173205 -0.1000002 -1.744681 0.1999999 -1.93715e-7 -1.659574 0.1732051 0.0999999 -1.659574 0.1 0.173205 -1.659574 0 0.1999999 -1.659574 -0.0999999 0.1732051 -1.659574 -0.173205 0.1000001 -1.659574 -0.1999999 1.63913e-7 -1.659574 -0.1732051 -0.09999984 -1.659574 -0.1000002 -0.173205 -1.659574 -1.93715e-7 -0.1999999 -1.659574 0.09999978 -0.1732051 -1.659574 0.173205 -0.1000002 -1.659574 0.1999999 -1.93715e-7 -1.574468 0.1732051 0.0999999 -1.574468 0.1 0.173205 -1.574468 0 0.2 -1.574468 -0.0999999 0.1732051 -1.574468 -0.173205 0.1000001 -1.574468 -0.2 1.63913e-7 -1.574468 -0.1732051 -0.09999984 -1.574468 -0.1000002 -0.173205 -1.574468 -1.93715e-7 -0.1999999 -1.574468 0.09999978 -0.1732051 -1.574468 0.173205 -0.1000002 -1.574468 0.1999999 -1.93715e-7 -1.489362 0.1732051 0.09999996 -1.489362 0.1000001 0.173205 -1.489362 0 0.2 -1.489362 -0.0999999 0.1732051 -1.489362 -0.173205 0.1000001 -1.489362 -0.2 1.63913e-7 -1.489362 -0.1732052 -0.09999984 -1.489362 -0.1000002 -0.173205 -1.489362 -1.93715e-7 -0.2 -1.489362 0.09999984 -0.1732051 -1.489362 0.173205 -0.1000002 -1.489362 0.2 -1.93715e-7 -1.404255 0.1732051 0.09999996 -1.404255 0.1000001 0.173205 -1.404255 0 0.2 -1.404255 -0.0999999 0.1732051 -1.404255 -0.173205 0.1000001 -1.404255 -0.2 1.63913e-7 -1.404255 -0.1732052 -0.09999984 -1.404255 -0.1000002 -0.173205 -1.404255 -1.93715e-7 -0.2 -1.404255 0.09999984 -0.1732051 -1.404255 0.173205 -0.1000002 -1.404255 0.2 -1.93715e-7 -1.319149 0.1732051 0.0999999 -1.319149 0.1 0.173205 -1.319149 0 0.2 -1.319149 -0.0999999 0.1732051 -1.319149 -0.173205 0.1000001 -1.319149 -0.2 1.63913e-7 -1.319149 -0.1732051 -0.09999984 -1.319149 -0.1000002 -0.173205 -1.319149 -1.93715e-7 -0.1999999 -1.319149 0.09999978 -0.1732051 -1.319149 0.173205 -0.1000002 -1.319149 0.1999999 -1.93715e-7 -1.234043 0.1732051 0.09999996 -1.234043 0.1000001 0.173205 -1.234043 0 0.2 -1.234043 -0.0999999 0.1732051 -1.234043 -0.173205 0.1000001 -1.234043 -0.2 1.63913e-7 -1.234043 -0.1732052 -0.09999984 -1.234043 -0.1000002 -0.173205 -1.234043 -1.93715e-7 -0.2 -1.234043 0.09999984 -0.1732051 -1.234043 0.173205 -0.1000002 -1.234043 0.2 -1.93715e-7 -1.148936 0.1732051 0.09999996 -1.148936 0.1000001 0.173205 -1.148936 0 0.2 -1.148936 -0.0999999 0.1732051 -1.148936 -0.173205 0.1000001 -1.148936 -0.2 1.63913e-7 -1.148936 -0.1732052 -0.09999984 -1.148936 -0.1000002 -0.173205 -1.148936 -1.93715e-7 -0.2 -1.148936 0.09999984 -0.1732051 -1.148936 0.173205 -0.1000002 -1.148936 0.2 -1.93715e-7 -1.06383 0.1732051 0.0999999 -1.06383 0.1 0.173205 -1.06383 0 0.1999999 -1.06383 -0.0999999 0.1732051 -1.06383 -0.173205 0.1000001 -1.06383 -0.1999999 1.63913e-7 -1.06383 -0.1732051 -0.09999984 -1.06383 -0.1000002 -0.173205 -1.06383 -1.93715e-7 -0.1999999 -1.06383 0.09999978 -0.1732051 -1.06383 0.173205 -0.1000002 -1.06383 0.1999999 -1.93715e-7 -0.9787235 0.1732051 0.09999996 -0.9787235 0.1000001 0.173205 -0.9787235 0 0.2 -0.9787235 -0.0999999 0.1732051 -0.9787235 -0.173205 0.1000001 -0.9787235 -0.2 1.63913e-7 -0.9787235 -0.1732052 -0.09999984 -0.9787235 -0.1000002 -0.173205 -0.9787235 -1.93715e-7 -0.2 -0.9787235 0.09999984 -0.1732051 -0.9787235 0.173205 -0.1000002 -0.9787235 0.2 -1.93715e-7 -0.8936172 0.1732051 0.09999996 -0.8936172 0.1000001 0.173205 -0.8936172 0 0.2 -0.8936172 -0.0999999 0.1732051 -0.8936172 -0.173205 0.1000001 -0.8936172 -0.2 1.63913e-7 -0.8936172 -0.1732052 -0.09999984 -0.8936172 -0.1000002 -0.173205 -0.8936172 -1.93715e-7 -0.2 -0.8936172 0.09999984 -0.1732051 -0.8936172 0.173205 -0.1000002 -0.8936172 0.2 -1.93715e-7 -0.8085108 0.1732051 0.09999996 -0.8085108 0.1000001 0.173205 -0.8085108 0 0.2 -0.8085108 -0.0999999 0.1732051 -0.8085108 -0.173205 0.1000001 -0.8085108 -0.2 1.63913e-7 -0.8085108 -0.1732052 -0.09999984 -0.8085108 -0.1000002 -0.173205 -0.8085108 -1.93715e-7 -0.2 -0.8085108 0.09999984 -0.1732051 -0.8085108 0.173205 -0.1000002 -0.8085108 0.2 -1.93715e-7 -0.7234045 0.1732051 0.09999996 -0.7234045 0.1000001 0.173205 -0.7234045 0 0.2 -0.7234045 -0.0999999 0.1732051 -0.7234045 -0.173205 0.1000001 -0.7234045 -0.2 1.63913e-7 -0.7234045 -0.1732052 -0.09999984 -0.7234045 -0.1000002 -0.173205 -0.7234045 -1.93715e-7 -0.2 -0.7234045 0.09999984 -0.1732051 -0.7234045 0.173205 -0.1000002 -0.7234045 0.2 -1.93715e-7 -0.638298 0.1732051 0.09999996 -0.638298 0.1000001 0.1732051 -0.638298 0 0.2 -0.638298 -0.0999999 0.1732051 -0.638298 -0.173205 0.1000002 -0.638298 -0.2 1.63913e-7 -0.638298 -0.1732052 -0.09999984 -0.638298 -0.1000002 -0.173205 -0.638298 -1.93715e-7 -0.2 -0.638298 0.09999984 -0.1732052 -0.638298 0.173205 -0.1000002 -0.638298 0.2 -1.93715e-7 -0.5531917 0.1732051 0.09999996 -0.5531917 0.1000001 0.1732051 -0.5531917 0 0.2 -0.5531917 -0.0999999 0.1732051 -0.5531917 -0.173205 0.1000002 -0.5531917 -0.2 1.63913e-7 -0.5531917 -0.1732052 -0.09999984 -0.5531917 -0.1000002 -0.173205 -0.5531917 -1.93715e-7 -0.2 -0.5531917 0.09999984 -0.1732052 -0.5531917 0.173205 -0.1000002 -0.5531917 0.2 -1.93715e-7 -0.4680852 0.1732051 0.09999996 -0.4680852 0.1000001 0.173205 -0.4680852 0 0.2 -0.4680852 -0.0999999 0.1732051 -0.4680852 -0.173205 0.1000001 -0.4680852 -0.2 1.63913e-7 -0.4680852 -0.1732052 -0.09999984 -0.4680852 -0.1000002 -0.173205 -0.4680852 -1.93715e-7 -0.2 -0.4680852 0.09999984 -0.1732051 -0.4680852 0.173205 -0.1000002 -0.4680852 0.2 -1.93715e-7 -0.3829789 0.1732051 0.0999999 -0.3829789 0.1 0.173205 -0.3829789 0 0.2 -0.3829789 -0.0999999 0.1732051 -0.3829789 -0.173205 0.1000001 -0.3829789 -0.2 1.63913e-7 -0.3829789 -0.1732051 -0.09999984 -0.3829789 -0.1000002 -0.173205 -0.3829789 -1.93715e-7 -0.1999999 -0.3829789 0.09999978 -0.1732051 -0.3829789 0.173205 -0.1000002 -0.3829789 0.1999999 -1.93715e-7 -0.2978725 0.1732051 0.09999996 -0.2978725 0.1000001 0.173205 -0.2978725 0 0.2 -0.2978725 -0.0999999 0.1732051 -0.2978725 -0.173205 0.1000001 -0.2978725 -0.2 1.63913e-7 -0.2978725 -0.1732052 -0.09999984 -0.2978725 -0.1000002 -0.173205 -0.2978725 -1.93715e-7 -0.2 -0.2978725 0.09999984 -0.1732051 -0.2978725 0.173205 -0.1000002 -0.2978725 0.2 -1.93715e-7 -0.2127661 0.1732051 0.09999996 -0.2127661 0.1000001 0.173205 -0.2127661 0 0.2 -0.2127661 -0.0999999 0.1732051 -0.2127661 -0.173205 0.1000001 -0.2127661 -0.2 1.63913e-7 -0.2127661 -0.1732052 -0.09999984 -0.2127661 -0.1000002 -0.173205 -0.2127661 -1.93715e-7 -0.2 -0.2127661 0.09999984 -0.1732051 -0.2127661 0.173205 -0.1000002 -0.2127661 0.2 -1.93715e-7 -0.1276597 0.1732051 0.09999996 -0.1276597 0.1000001 0.173205 -0.1276597 0 0.2 -0.1276597 -0.0999999 0.1732051 -0.1276597 -0.173205 0.1000001 -0.1276597 -0.2 1.63913e-7 -0.1276597 -0.1732052 -0.09999984 -0.1276597 -0.1000002 -0.173205 -0.1276597 -1.93715e-7 -0.2 -0.1276597 0.09999984 -0.1732051 -0.1276597 0.173205 -0.1000002 -0.1276597 0.2 -1.93715e-7 -0.0425533 0.1732051 0.09999996 -0.0425533 0.1000001 0.173205 -0.0425533 0 0.2 -0.0425533 -0.0999999 0.1732051 -0.0425533 -0.173205 0.1000001 -0.0425533 -0.2 1.63913e-7 -0.0425533 -0.1732052 -0.09999984 -0.0425533 -0.1000002 -0.173205 -0.0425533 -1.93715e-7 -0.2 -0.0425533 0.09999984 -0.1732051 -0.0425533 0.173205 -0.1000002 -0.0425533 0.2 -1.93715e-7 0.04255312 0.1732051 0.0999999 0.04255312 0.1 0.173205 0.04255312 0 0.2 0.04255312 -0.0999999 0.1732051 0.04255312 -0.173205 0.1000001 0.04255312 -0.2 1.63913e-7 0.04255312 -0.1732051 -0.09999984 0.04255312 -0.1000002 -0.173205 0.04255312 -1.93715e-7 -0.1999999 0.04255312 0.09999978 -0.1732051 0.04255312 0.173205 -0.1000002 0.04255312 0.1999999 -1.93715e-7 0.1276595 0.1732051 0.0999999 0.1276595 0.1 0.173205 0.1276595 0 0.2 0.1276595 -0.0999999 0.1732051 0.1276595 -0.173205 0.1000001 0.1276595 -0.2 1.63913e-7 0.1276595 -0.1732051 -0.09999984 0.1276595 -0.1000002 -0.173205 0.1276595 -1.93715e-7 -0.1999999 0.1276595 0.09999978 -0.1732051 0.1276595 0.173205 -0.1000002 0.1276595 0.1999999 -1.93715e-7 0.2127659 0.1732051 0.09999996 0.2127659 0.1000001 0.173205 0.2127659 0 0.2 0.2127659 -0.0999999 0.1732051 0.2127659 -0.173205 0.1000001 0.2127659 -0.2 1.63913e-7 0.2127659 -0.1732052 -0.09999984 0.2127659 -0.1000002 -0.173205 0.2127659 -1.93715e-7 -0.2 0.2127659 0.09999984 -0.1732051 0.2127659 0.173205 -0.1000002 0.2127659 0.2 -1.93715e-7 0.2978723 0.1732051 0.09999996 0.2978723 0.1000001 0.173205 0.2978723 0 0.2 0.2978723 -0.0999999 0.1732051 0.2978723 -0.173205 0.1000001 0.2978723 -0.2 1.63913e-7 0.2978723 -0.1732052 -0.09999984 0.2978723 -0.1000002 -0.173205 0.2978723 -1.93715e-7 -0.2 0.2978723 0.09999984 -0.1732051 0.2978723 0.173205 -0.1000002 0.2978723 0.2 -1.93715e-7 0.3829787 0.1732051 0.09999996 0.3829787 0.1000001 0.173205 0.3829787 0 0.2 0.3829787 -0.0999999 0.1732051 0.3829787 -0.173205 0.1000001 0.3829787 -0.2 1.63913e-7 0.3829787 -0.1732052 -0.09999984 0.3829787 -0.1000002 -0.173205 0.3829787 -1.93715e-7 -0.2 0.3829787 0.09999984 -0.1732051 0.3829787 0.173205 -0.1000002 0.3829787 0.2 -1.93715e-7 0.4680851 0.1732051 0.0999999 0.4680851 0.1 0.173205 0.4680851 0 0.2 0.4680851 -0.0999999 0.1732051 0.4680851 -0.173205 0.1000001 0.4680851 -0.2 1.63913e-7 0.4680851 -0.1732051 -0.09999984 0.4680851 -0.1000002 -0.173205 0.4680851 -1.93715e-7 -0.1999999 0.4680851 0.09999978 -0.1732051 0.4680851 0.173205 -0.1000002 0.4680851 0.1999999 -1.93715e-7 0.5531914 0.1732051 0.0999999 0.5531914 0.1 0.173205 0.5531914 0 0.2 0.5531914 -0.0999999 0.1732051 0.5531914 -0.173205 0.1000001 0.5531914 -0.2 1.63913e-7 0.5531914 -0.1732051 -0.09999984 0.5531914 -0.1000002 -0.173205 0.5531914 -1.93715e-7 -0.1999999 0.5531914 0.09999978 -0.1732051 0.5531914 0.173205 -0.1000002 0.5531914 0.1999999 -1.93715e-7 0.6382978 0.1732051 0.0999999 0.6382978 0.1 0.173205 0.6382978 0 0.2 0.6382978 -0.0999999 0.1732051 0.6382978 -0.173205 0.1000001 0.6382978 -0.2 1.63913e-7 0.6382978 -0.1732051 -0.09999984 0.6382978 -0.1000002 -0.173205 0.6382978 -1.93715e-7 -0.1999999 0.6382978 0.09999978 -0.1732051 0.6382978 0.173205 -0.1000002 0.6382978 0.1999999 -1.93715e-7 0.7234042 0.1732051 0.0999999 0.7234042 0.1 0.173205 0.7234042 0 0.2 0.7234042 -0.0999999 0.1732051 0.7234042 -0.173205 0.1000001 0.7234042 -0.2 1.63913e-7 0.7234042 -0.1732051 -0.09999984 0.7234042 -0.1000002 -0.173205 0.7234042 -1.93715e-7 -0.1999999 0.7234042 0.09999978 -0.1732051 0.7234042 0.173205 -0.1000002 0.7234042 0.1999999 -1.93715e-7 0.8085106 0.1732051 0.0999999 0.8085106 0.1 0.173205 0.8085106 0 0.2 0.8085106 -0.0999999 0.1732051 0.8085106 -0.173205 0.1000001 0.8085106 -0.2 1.63913e-7 0.8085106 -0.1732051 -0.09999984 0.8085106 -0.1000002 -0.173205 0.8085106 -1.93715e-7 -0.1999999 0.8085106 0.09999978 -0.1732051 0.8085106 0.173205 -0.1000002 0.8085106 0.1999999 -1.93715e-7 0.8936169 0.1732051 0.0999999 0.8936169 0.1 0.173205 0.8936169 0 0.2 0.8936169 -0.0999999 0.1732051 0.8936169 -0.173205 0.1000001 0.8936169 -0.2 1.63913e-7 0.8936169 -0.1732051 -0.09999984 0.8936169 -0.1000002 -0.173205 0.8936169 -1.93715e-7 -0.1999999 0.8936169 0.09999978 -0.1732051 0.8936169 0.173205 -0.1000002 0.8936169 0.1999999 -1.93715e-7 0.9787232 0.1732051 0.0999999 0.9787232 0.1 0.173205 0.9787232 0 0.1999999 0.9787232 -0.0999999 0.1732051 0.9787232 -0.173205 0.1000001 0.9787232 -0.1999999 1.63913e-7 0.9787232 -0.1732051 -0.09999984 0.9787232 -0.1000002 -0.173205 0.9787232 -1.93715e-7 -0.1999999 0.9787232 0.09999978 -0.1732051 0.9787232 0.173205 -0.1000002 0.9787232 0.1999999 -1.93715e-7 1.06383 0.1732051 0.0999999 1.06383 0.1 0.173205 1.06383 0 0.2 1.06383 -0.0999999 0.1732051 1.06383 -0.173205 0.1000001 1.06383 -0.2 1.63913e-7 1.06383 -0.1732051 -0.09999984 1.06383 -0.1000002 -0.173205 1.06383 -1.93715e-7 -0.1999999 1.06383 0.09999978 -0.1732051 1.06383 0.173205 -0.1000002 1.06383 0.1999999 -1.93715e-7 1.148936 0.1732051 0.0999999 1.148936 0.1 0.173205 1.148936 0 0.2 1.148936 -0.0999999 0.1732051 1.148936 -0.173205 0.1000001 1.148936 -0.2 1.63913e-7 1.148936 -0.1732051 -0.09999984 1.148936 -0.1000002 -0.173205 1.148936 -1.93715e-7 -0.1999999 1.148936 0.09999978 -0.1732051 1.148936 0.173205 -0.1000002 1.148936 0.1999999 -1.93715e-7 1.234042 0.1732051 0.0999999 1.234042 0.1 0.173205 1.234042 0 0.2 1.234042 -0.0999999 0.1732051 1.234042 -0.173205 0.1000001 1.234042 -0.2 1.63913e-7 1.234042 -0.1732051 -0.09999984 1.234042 -0.1000002 -0.173205 1.234042 -1.93715e-7 -0.1999999 1.234042 0.09999978 -0.1732051 1.234042 0.173205 -0.1000002 1.234042 0.1999999 -1.93715e-7 1.319149 0.1732051 0.0999999 1.319149 0.1 0.173205 1.319149 0 0.2 1.319149 -0.0999999 0.1732051 1.319149 -0.173205 0.1000001 1.319149 -0.2 1.63913e-7 1.319149 -0.1732051 -0.09999984 1.319149 -0.1000002 -0.173205 1.319149 -1.93715e-7 -0.1999999 1.319149 0.09999978 -0.1732051 1.319149 0.173205 -0.1000002 1.319149 0.1999999 -1.93715e-7 1.404255 0.1732051 0.0999999 1.404255 0.1 0.173205 1.404255 0 0.2 1.404255 -0.0999999 0.1732051 1.404255 -0.173205 0.1000001 1.404255 -0.2 1.63913e-7 1.404255 -0.1732051 -0.09999984 1.404255 -0.1000002 -0.173205 1.404255 -1.93715e-7 -0.1999999 1.404255 0.09999978 -0.1732051 1.404255 0.173205 -0.1000002 1.404255 0.1999999 -1.93715e-7 1.489361 0.1732051 0.0999999 1.489361 0.1 0.173205 1.489361 0 0.1999999 1.489361 -0.0999999 0.1732051 1.489361 -0.173205 0.1000001 1.489361 -0.1999999 1.63913e-7 1.489361 -0.1732051 -0.09999984 1.489361 -0.1000002 -0.173205 1.489361 -1.93715e-7 -0.1999999 1.489361 0.09999978 -0.1732051 1.489361 0.173205 -0.1000002 1.489361 0.1999999 -1.93715e-7 1.574468 0.1732051 0.0999999 1.574468 0.1 0.173205 1.574468 0 0.2 1.574468 -0.0999999 0.1732051 1.574468 -0.173205 0.1000001 1.574468 -0.2 1.63913e-7 1.574468 -0.1732051 -0.09999984 1.574468 -0.1000002 -0.173205 1.574468 -1.93715e-7 -0.1999999 1.574468 0.09999978 -0.1732051 1.574468 0.173205 -0.1000002 1.574468 0.1999999 -1.93715e-7 1.659574 0.1732051 0.0999999 1.659574 0.1 0.173205 1.659574 0 0.2 1.659574 -0.0999999 0.1732051 1.659574 -0.173205 0.1000001 1.659574 -0.2 1.63913e-7 1.659574 -0.1732051 -0.09999984 1.659574 -0.1000002 -0.173205 1.659574 -1.93715e-7 -0.1999999 1.659574 0.09999978 -0.1732051 1.659574 0.173205 -0.1000002 1.659574 0.1999999 -1.93715e-7 1.744681 0.1732051 0.0999999 1.744681 0.1 0.173205 1.744681 0 0.2 1.744681 -0.0999999 0.1732051 1.744681 -0.173205 0.1000001 1.744681 -0.2 1.63913e-7 1.744681 -0.1732051 -0.09999984 1.744681 -0.1000002 -0.173205 1.744681 -1.93715e-7 -0.1999999 1.744681 0.09999978 -0.1732051 1.744681 0.173205 -0.1000002 1.744681 0.1999999 -1.93715e-7 1.829787 0.1732051 0.0999999 1.829787 0.1 0.173205 1.829787 0 0.2 1.829787 -0.0999999 0.1732051 1.829787 -0.173205 0.1000001 1.829787 -0.2 1.63913e-7 1.829787 -0.1732051 -0.09999984 1.829787 -0.1000002 -0.173205 1.829787 -1.93715e-7 -0.1999999 1.829787 0.09999978 -0.1732051 1.829787 0.173205 -0.1000002 1.829787 0.1999999 -1.93715e-7 1.914893 0.1732051 0.0999999 1.914893 0.1 0.173205 1.914893 0 0.2 1.914893 -0.0999999 0.1732051 1.914893 -0.173205 0.1000001 1.914893 -0.2 1.63913e-7 1.914893 -0.1732051 -0.09999984 1.914893 -0.1000002 -0.173205 1.914893 -1.93715e-7 -0.1999999 1.914893 0.09999978 -0.1732051 1.914893 0.173205 -0.1000002 1.914893 0.1999999 -1.93715e-7 2 0.1732051 0.0999999 2 0.1 0.173205 2 0 0.2 2 -0.0999999 0.1732051 2 -0.173205 0.1000001 2 -0.2 1.63913e-7 2 -0.1732051 -0.09999984 2 -0.1000002 -0.173205 2 -1.93715e-7 -0.1999999 2 0.09999978 -0.1732051 2 0.173205 -0.1000002 2 0.1999999 -1.93715e-7</float_array>
          <technique_common>
            <accessor source="#NurbsPath-mesh-positions-array" count="576" stride="3">
              <param name="X" type="float"/>
              <param name="Y" type="float"/>
              <param name="Z" type="float"/>
            </accessor>
          </technique_common>
        </source>
        <source id="NurbsPath-mesh-normals">
          <float_array id="NurbsPath-mesh-normals-array" count="1563">-1.47144e-7 0.8660288 0.499994 1.77825e-7 1 5.31305e-6 1.20348e-7 0.8660228 0.5000045 -1.6358e-7 0.5000003 0.8660253 0 0.4999998 0.8660256 1.52441e-7 3.4372e-7 1 0 -0.4999994 0.8660258 0 -0.5000045 0.866023 -1.32974e-7 -0.8660252 0.5000007 2.0534e-7 -0.866028 0.4999955 -1.63444e-7 -1 7.56201e-7 1.7613e-7 -1 -4.93004e-6 0 -0.8660276 -0.4999962 1.95525e-7 -0.8660229 -0.5000044 -1.38313e-7 -0.5000061 -0.866022 1.33652e-7 -0.4999958 -0.8660278 -1.38871e-7 -3.95528e-6 -1 4.37721e-7 -7.7586e-7 -1 2.42576e-7 0.499999 -0.866026 0 0.866025 -0.5000009 0 0.8660278 -0.4999959 -1.65589e-7 1 -3.65092e-6 0 1 2.13845e-6 0 0.8660225 0.5000049 -2.15095e-7 4.78764e-7 1 -1.22997e-7 -2.75476e-6 1 0 -0.4999995 0.8660257 -1.26992e-7 -0.8660252 0.5000004 0 -1 6.48172e-7 0 -0.8660243 -0.5000019 -1.76254e-7 -0.4999949 -0.8660283 -1.4788e-7 0.4999991 -0.866026 -2.32424e-7 4.99387e-6 -1 0 0.8660251 -0.5000006 2.61184e-7 0.8660257 0.4999995 2.19865e-7 0.5000037 0.8660233 0 0.499998 0.8660266 2.15097e-7 3.47161e-6 1 2.27449e-7 -0.499997 0.8660271 1.52997e-7 -0.8660237 0.5000029 2.5031e-7 -1 1.01645e-6 2.98772e-7 -0.866026 -0.4999991 1.91576e-7 -0.5000008 -0.866025 2.48307e-7 -3.83015e-6 -1 2.79699e-7 0.4999964 -0.8660275 0 0.5000017 -0.8660244 1.74504e-7 0.8660252 -0.5000005 2.51158e-7 1 -7.12008e-7 0 0.8660286 0.4999946 0 0.5000005 0.8660251 0 -0.5000022 0.8660242 0 -1 9.57528e-7 0 -0.8660274 -0.4999966 0 -0.5000032 -0.8660236 0 2.23666e-6 -1 0 0.8660249 -0.500001 0 1 -3.53553e-6 -2.57997e-7 1 2.2563e-6 -2.36621e-7 0.8660229 0.5000045 -1.85652e-7 3.43732e-6 1 0 -2.87998e-6 1 -2.08961e-7 -0.4999969 0.8660272 -1.48645e-7 -0.8660253 0.5000003 0 -0.8660266 0.499998 -2.72977e-7 -1 3.92836e-6 -2.20852e-7 -0.8660261 -0.4999991 -3.43013e-7 -8.15126e-7 -1 -2.08965e-7 0.4999991 -0.866026 0 0.5000015 -0.8660247 -1.79392e-7 0.866025 -0.5000008 -2.0101e-7 0.8660256 0.4999996 -1.86248e-7 0.5000002 0.8660253 -1.80826e-7 0.499998 0.8660266 -1.38881e-7 -2.5853e-6 1 0 -0.866025 0.5000007 -1.47268e-7 -1 -1.90767e-6 0 -0.5000007 -0.866025 -2.76692e-7 -0.499998 -0.8660266 -1.5244e-7 -1.03364e-6 -1 -1.44849e-7 0.4999989 -0.8660261 -1.26549e-7 0.8660249 -0.500001 -1.62246e-7 1 -6.03979e-7 1.76446e-7 0.8660258 0.4999995 1.47209e-7 0.5000005 0.8660252 0 6.45717e-7 1 1.33144e-7 -0.4999997 0.8660256 -1.5163e-7 -0.500002 0.8660243 0 -0.8660252 0.5000004 1.62845e-7 -1 9.64893e-7 1.28511e-7 -0.866026 -0.4999992 0 -0.8660244 -0.5000019 0 -0.5000005 -0.8660251 0 -1.1564e-6 -1 1.8786e-7 0.4999992 -0.866026 1.23641e-7 0.8660251 -0.5000007 1.62844e-7 1 -6.33441e-7 0 0.8660271 0.499997 0 0.5000006 0.8660251 0 7.53746e-7 1 0 -0.4999992 0.8660259 0 -0.866025 0.5000008 0 -1 7.95484e-7 0 -0.866026 -0.4999991 0 -0.5000005 -0.8660251 -1.41476e-7 -8.96147e-7 -1 0 0.4999988 -0.8660261 0 0.8660249 -0.500001 0 1 -3.76141e-6 -1.47268e-7 1 2.16301e-6 -1.86248e-7 0.5000005 0.8660251 -1.38877e-7 4.2966e-7 1 -1.51633e-7 -0.4999998 0.8660255 0 -0.8660252 0.5000005 -1.62246e-7 -1 6.8009e-7 0 -0.866026 -0.4999992 0 -0.5000008 -0.866025 -1.5244e-7 -1.11957e-6 -1 -1.44849e-7 0.4999993 -0.8660259 -1.26548e-7 0.8660251 -0.5000005 2.36678e-7 0.8660257 0.4999996 -1.8603e-7 0.8660242 0.5000022 2.82312e-7 0.5000007 0.866025 0 7.04642e-7 1 1.99718e-7 -0.4999994 0.8660258 1.71597e-7 -0.866025 0.5000008 2.50909e-7 -1 8.39678e-7 2.12711e-7 -0.8660259 -0.4999993 2.14035e-7 -0.5000009 -0.8660249 2.80358e-7 -1.27425e-6 -1 2.82158e-7 0.4999964 -0.8660274 2.23293e-7 0.8660235 -0.5000035 2.50909e-7 1 -6.38352e-7 0 0.8660256 0.4999998 1.31622e-7 0.5000003 0.8660253 0 6.60448e-7 1 1.43937e-7 -0.4999994 0.8660258 0 -0.866025 0.5000007 0 -1 8.24947e-7 0 -0.8660258 -0.4999994 0 -0.5000032 -0.8660237 0 -4.03385e-6 -1 0 0.5000017 -0.8660244 0 1 -7.80753e-7 -2.7162e-7 0.8660258 0.4999995 -2.29449e-7 0.5000004 0.8660253 -3.24528e-7 5.99069e-7 1 -1.5917e-7 -0.4999995 0.8660258 -1.95919e-7 -0.8660251 0.5000005 -2.49712e-7 -1 7.68477e-7 -1.62192e-7 -0.8660258 -0.4999994 -2.16026e-7 -0.4999983 -0.8660265 -3.43658e-7 0.499999 -0.8660261 -2.13105e-7 0.866025 -0.5000007 0 0.8660264 -0.4999983 -2.49711e-7 1 -9.72259e-7 0 0.8660258 0.4999995 0 0.5000005 0.8660252 0 4.81219e-7 1 0 -0.4999994 0.8660258 0 -0.866025 0.5000007 0 -1 1.00909e-6 0 -0.8660258 -0.4999994 0 -0.5000008 -0.866025 0 -9.59983e-7 -1 -2.18858e-7 2.09431e-6 -1 0 0.4999989 -0.8660262 0 0.866025 -0.5000008 0 1 -9.37886e-7 0 0.8660257 0.4999995 0 0.5000006 0.8660251 0 4.78764e-7 1 0 -0.4999997 0.8660256 0 -0.8660252 0.5000006 0 -1 9.15789e-7 0 -0.8660259 -0.4999992 0 -0.5000007 -0.866025 0 -1.00909e-6 -1 0 0.4999991 -0.8660259 0 0.8660252 -0.5000006 0 1 -8.5932e-7 -1.57878e-7 0.8660256 0.4999997 0 0.5000002 0.8660253 -1.70925e-7 5.42599e-7 1 0 -0.4999995 0.8660258 -2.02444e-7 -0.8660237 0.500003 -1.32654e-7 -1 3.89145e-6 -2.05814e-7 -0.8660258 -0.4999993 -1.2154e-7 -0.5000007 -0.866025 -1.57363e-7 -1.06801e-6 -1 -2.06751e-7 0.4999991 -0.866026 -1.27959e-7 0.8660252 -0.5000007 0 1 -7.73388e-7 -2.27981e-7 0.8660259 0.4999993 0 0.5000002 0.8660253 -1.8565e-7 5.15592e-7 1 -1.23749e-7 -0.4999993 0.8660258 -1.67951e-7 -0.8660266 0.4999979 -2.24985e-7 -0.8660258 -0.4999993 -1.31472e-7 -0.5000006 -0.8660251 0 -1.06801e-6 -1 -1.92026e-7 0.499999 -0.8660261 -1.80941e-7 0.866025 -0.5000007 0 1 -8.49499e-7 1.23347e-7 0.8660274 0.4999967 1.35103e-7 0.5000002 0.8660253 0 4.59122e-7 1 2.06751e-7 -0.4999994 0.8660258 1.27959e-7 -0.866025 0.5000007 0 -1 9.57528e-7 0 -1 -2.15323e-6 1.99033e-7 -0.8660261 -0.4999991 1.89816e-7 -0.5000006 -0.8660252 0 -4.01675e-6 -1 1.45257e-7 0.4999964 -0.8660275 2.37387e-7 0.866025 -0.5000008 0 1 -3.592e-6 2.9934e-7 1 2.17037e-6 3.79213e-7 0.5000056 0.8660222 2.0154e-7 3.47898e-6 1 3.2517e-7 -0.4999997 0.8660256 2.49868e-7 -0.866025 0.5000008 2.71531e-7 -1 8.5932e-7 2.98783e-7 -0.8660258 -0.4999993 2.05484e-7 -0.5000033 -0.8660236 2.01537e-7 -9.25589e-7 -1 3.18145e-7 0.8660249 -0.500001 0 0.8660243 0.5000021 3.25555e-7 0.8660258 0.4999994 0 0.4999951 0.8660283 0 -0.4999996 0.8660256 0 -0.8660251 0.5000008 0 -1 8.81416e-7 0 -0.8660259 -0.4999991 0 -0.4999981 -0.8660265 0 0.4999992 -0.866026 3.18392e-7 0.5000018 -0.8660244 0 0.866025 -0.500001 0 1 -9.59983e-7 -2.0101e-7 0.8660258 0.4999994 -1.86248e-7 0.5000004 0.8660252 -1.38877e-7 4.24749e-7 1 0 -2.58044e-6 1 -1.51633e-7 -0.4999997 0.8660258 0 -0.8660251 0.5000008 -1.62246e-7 -1 9.15789e-7 0 -0.866026 -0.4999992 0 -0.5000008 -0.866025 -1.5244e-7 -9.35431e-7 -1 0 2.14832e-6 -1 -1.44849e-7 0.4999992 -0.8660259 -1.26548e-7 0.8660249 -0.5000008 -1.62246e-7 1 -8.86327e-7 0 0.8660258 0.4999995 0 0.5000004 0.8660252 0 4.17384e-7 1 0 -0.4999995 0.8660258 0 -0.8660252 0.5000007 0 -0.866026 -0.4999992 0 -0.5000008 -0.8660251 0 -9.03513e-7 -1 0 0.4999991 -0.866026 0 0.866025 -0.5000008 0 1 -8.37223e-7 0 0.8660272 0.4999969 0 4.54212e-7 1 0 -0.4999995 0.8660257 0 -1 8.61775e-7 0 -0.8660274 -0.4999966 0 -0.5000034 -0.8660235 0 -9.69804e-7 -1 0 0.4999992 -0.866026 0 0.8660249 -0.5000008 0 1 -3.8056e-6 1.47266e-7 1 -8.593e-7 1.47209e-7 0.5000004 0.8660253 0 5.00861e-7 1 1.33144e-7 -0.4999995 0.8660258 0 -0.8660235 0.5000033 1.47268e-7 -1 3.78096e-6 0 -0.8660259 -0.4999993 0 -9.67348e-7 -1 1.8786e-7 0.4999992 -0.866026 0 0.8660234 -0.5000035 2.0101e-7 0.8660258 0.4999995 1.76448e-7 0.8660242 0.5000022 1.86248e-7 0.5000003 0.8660253 1.38877e-7 4.73853e-7 1 1.51633e-7 -0.4999995 0.8660258 0 -0.8660266 0.499998 1.29929e-7 -0.8660244 -0.5000019 0 -0.5000008 -0.866025 0 -9.74714e-7 -1 1.58411e-7 0.4999991 -0.8660259 1.42128e-7 0.8660265 -0.4999982 -1.76446e-7 0.8660258 0.4999995 1.77822e-7 1 2.21461e-6 -1.4721e-7 0.5000003 0.8660253 0 3.44223e-6 1 -1.33147e-7 -0.4999969 0.8660272 0 -0.866025 0.5000007 -1.62845e-7 -1 7.80753e-7 1.77822e-7 -1 -2.07221e-6 0 -0.8660258 -0.4999993 -1.33647e-7 -0.5000007 -0.866025 1.76658e-7 -0.499998 -0.8660266 -1.70925e-7 -9.23155e-7 -1 0 0.4999991 -0.8660259 -1.23641e-7 0.866025 -0.5000008 -1.62845e-7 1 -8.6423e-7 -2.0101e-7 0.8660258 0.4999995 -1.86248e-7 0.5000004 0.8660253 -1.38881e-7 -2.58284e-6 1 0 -0.8660251 0.5000008 -1.62246e-7 -1 9.2561e-7 0 -0.866026 -0.4999992 0 -0.5000007 -0.866025 -1.5244e-7 -9.18244e-7 -1 -1.44849e-7 0.4999991 -0.8660259 -1.26548e-7 0.866025 -0.5000008 -1.62246e-7 1 -8.74051e-7 0 4.19839e-7 1 0 -0.4999995 0.8660258 -1.5163e-7 -0.5000022 0.8660242 0 -1 8.81416e-7 0 -0.866026 -0.4999992 0 -9.20699e-7 -1 0 0.4999991 -0.866026 0 0.866025 -0.5000008 0 1 -8.93692e-7 1.8603e-7 0.8660272 0.4999969 1.86248e-7 0.5000056 0.8660222 1.38881e-7 3.45934e-6 1 1.33144e-7 -0.4999995 0.8660258 0 -0.866025 0.5000007 1.62845e-7 -1 9.01058e-7 0 -0.8660273 -0.4999967 0 -0.500006 -0.8660221 0 -3.96756e-6 -1 1.8786e-7 0.4999991 -0.8660259 1.23641e-7 0.866025 -0.5000008 1.62845e-7 1 -9.37886e-7 1.91426e-7 0.8660242 0.5000022 1.4721e-7 0.499995 0.8660283 1.51633e-7 -0.4999994 0.8660258 0 -0.8660252 0.5000007 1.62246e-7 -1 1.08029e-6 1.2993e-7 -0.8660244 -0.5000018 1.33647e-7 -0.4999955 -0.866028 1.58411e-7 0.4999992 -0.866026 1.26548e-7 0.8660249 -0.5000009 1.62246e-7 1 -8.0776e-7 0 0.8660258 0.4999994 0 0.5000004 0.8660253 0 4.78764e-7 1 0 -2.57308e-6 1 0 -0.8660251 0.5000005 0 -1 8.86327e-7 0 -0.866026 -0.499999 0 -0.5000006 -0.8660252 0 -9.55072e-7 -1 0 2.02802e-6 -1 0 1 -9.01058e-7 0 0.5000002 0.8660253 0 4.64033e-7 1 0 -0.4999995 0.8660258 0 -0.8660261 -0.499999 0 -0.5000007 -0.8660251 0 -9.52617e-7 -1 0 1 -8.39678e-7 0 3.85466e-7 1 0 -1 8.81416e-7 0 -8.98603e-7 -1 0 0.4999991 -0.8660261 0 0.8660258 0.4999995 0 0.5000004 0.8660252 0 4.9104e-7 1 0 -1 9.3052e-7 0 1 -7.95484e-7 0 0.8660258 0.4999994 0 0.5000003 0.8660253 0 5.67151e-7 1 0 -0.4999996 0.8660257 0 -0.8660252 0.5000005 0 -1 7.85664e-7 0 -0.8660261 -0.4999989 0 -0.5000007 -0.866025 2.18861e-7 -8.44588e-7 -1 1.21286e-7 0.4999992 -0.8660259 0 0.8660249 -0.5000008 0 1 -8.61775e-7 0 0.8660258 0.4999994 0 0.5000004 0.8660253 0 6.06434e-7 1 0 -0.4999995 0.8660258 0 -0.8660252 0.5000006 0 -1 7.21828e-7 0 -0.866026 -0.499999 0 -0.5000007 -0.866025 0 -1.05328e-6 -1 0 0.4999991 -0.866026 0 0.8660249 -0.5000009 0 1 -7.4638e-7 0 0.8660256 0.4999996 0 0.5000002 0.8660253 0 5.13137e-7 1 0 -0.4999997 0.8660258 0 -0.866025 0.5000007 0 -1 8.47044e-7 0 -0.8660261 -0.4999991 -1.83378e-7 -0.5000006 -0.8660251 -1.72088e-7 -1.00418e-6 -1 -1.30533e-7 0.4999992 -0.8660259 0 0.8660249 -0.5000009 0 1 -7.24284e-7 0 0.5000004 0.8660252 0 5.32778e-7 1 0 -0.866025 0.5000007 0 -0.8660259 -0.4999991 0 -0.5000005 -0.8660251 0 -1.00909e-6 -1 0 0.4999992 -0.8660258 0 0.8660249 -0.500001 0 0.5000003 0.8660253 0 4.93495e-7 1 0 -0.866025 0.5000008 0 -1 9.40341e-7 0 -0.866026 -0.4999991 0 -0.5000006 -0.8660251 0 0.4999992 -0.8660259 0 0.8660249 -0.500001 0 0.5000002 0.8660253 0 4.3457e-7 1 0 -0.866025 0.5000008 0 -1 8.54409e-7 0 -0.8660259 -0.4999991 0 -0.5000005 -0.8660252 0 -9.74714e-7 -1 0 0.4999993 -0.8660259 0 0.866025 -0.500001 0 1 -9.13334e-7 0 0.8660276 0.4999963 0 0.5000056 0.8660222 0 6.43999e-6 1 0 -0.4999969 0.8660272 0 -0.8660253 0.5000004 0 -1 5.76972e-7 0 -0.8660276 -0.4999962 0 -0.5000032 -0.8660236 2.18861e-7 -1.19077e-6 -1 1.21286e-7 0.4999992 -0.866026 0 0.8660238 -0.500003 0 1 -4.00193e-6 0 0.8660272 0.4999969 0 0.4999978 0.8660267 0 -5.45054e-6 1 0 -0.8660252 0.5000005 0 -1 8.22492e-7 0 -0.866026 -0.499999 0 -1.16867e-6 -1 0 0.4999989 -0.8660261 0 0.8660266 -0.499998 0 1 2.35696e-6 0 1 -8.34786e-7 0 0.8660226 0.5000051 0 4.10018e-7 1 0 -0.4999995 0.8660258 0 -0.5000019 0.8660244 0 -0.8660251 0.5000005 0 -1 1.01891e-6 0 -0.8660245 -0.5000017 0 -0.5000005 -0.8660251 -1.72087e-7 -1.14658e-6 -1 -1.30532e-7 0.4999992 -0.866026 0 0.8660249 -0.5000008 0 0.8660256 0.4999997 0 0.5000008 0.866025 0 0.4999979 0.8660266 0 4.41936e-7 1 0 -0.8660252 0.5000004 0 -1 7.80753e-7 0 -0.8660259 -0.4999992 -1.43043e-7 -0.499998 -0.8660266 0 -1.19814e-6 -1 0 0.499999 -0.8660261 0 1 -6.82545e-7 0 0.8660256 0.4999997 0 0.5000001 0.8660253 0 5.18047e-7 1 0 -0.4999991 0.866026 0 -1 8.37223e-7 0 -0.8660257 -0.4999995 0 -0.5000007 -0.866025 0 -1.09747e-6 -1 0 0.4999989 -0.8660261 0 0.866025 -0.5000007 0 1 -6.30986e-7 0 0.8660259 0.4999992 0 0.5000001 0.8660255 0 -0.4999991 0.866026 0 -1 8.42133e-7 0 -0.8660258 -0.4999994 0 -0.5000008 -0.866025 0 -1.06801e-6 -1 0 0.4999988 -0.8660262 0 1 -7.3656e-7 0 -0.8660252 0.5000004 0 -1 8.05305e-7 0 -0.8660261 -0.4999989 0 0.4999991 -0.8660259 0 0.866029 0.4999937 0 0.5000055 0.8660223 0 6.4719e-6 1 0 -0.4999939 0.8660289 0 -0.8660222 0.5000056 0 -1 6.51119e-6 0 -0.8660292 -0.4999936 0 -0.5000056 -0.8660223 0 -7.11026e-6 -1 0 0.4999936 -0.8660292 0 0.866022 -0.500006 0 1 -6.87947e-6</float_array>
          <technique_common>
            <accessor source="#NurbsPath-mesh-normals-array" count="521" stride="3">
              <param name="X" type="float"/>
              <param name="Y" type="float"/>
              <param name="Z" type="float"/>
            </accessor>
          </technique_common>
        </source>
        <source id="NurbsPath-mesh-map-0">
          <float_array id="NurbsPath-mesh-map-0-array" count="6768">0.02127659 1 0 0.9166667 0 1 0.02127659 0.08333331 0 0 0 0.08333331 0 0.1666666 0.02127659 0.08333331 0 0.08333331 0.02127659 0.25 0 0.1666666 0 0.25 0.02127659 0.3333333 0 0.25 0 0.3333333 0.02127659 0.4166666 0 0.3333333 0 0.4166666 0.02127659 0.5 0 0.4166666 0 0.5 0.02127659 0.5833333 0 0.5 0 0.5833333 0.02127659 0.6666667 0 0.5833333 0 0.6666667 0 0.75 0.02127659 0.6666667 0 0.6666667 0.02127659 0.8333333 0 0.75 0 0.8333333 0.02127659 0.9166667 0 0.8333333 0 0.9166667 0.02127659 1 0.04255318 0.9166667 0.02127659 0.9166667 0.02127659 0.08333331 0.04255318 0 0.02127659 0 0.04255318 0.1666666 0.02127659 0.08333331 0.02127659 0.1666666 0.04255318 0.25 0.02127659 0.1666666 0.02127659 0.25 0.04255318 0.3333333 0.02127659 0.25 0.02127659 0.3333333 0.04255318 0.4166666 0.02127659 0.3333333 0.02127659 0.4166666 0.04255318 0.5 0.02127659 0.4166666 0.02127659 0.5 0.02127659 0.5833333 0.04255318 0.5 0.02127659 0.5 0.02127659 0.6666667 0.04255318 0.5833333 0.02127659 0.5833333 0.02127659 0.75 0.04255318 0.6666667 0.02127659 0.6666667 0.04255318 0.8333333 0.02127659 0.75 0.02127659 0.8333333 0.04255318 0.9166667 0.02127659 0.8333333 0.02127659 0.9166667 0.06382977 1 0.04255318 0.9166667 0.04255318 1 0.06382977 0.08333331 0.04255318 0 0.04255318 0.08333331 0.06382977 0.1666666 0.04255318 0.08333331 0.04255318 0.1666666 0.06382977 0.25 0.04255318 0.1666666 0.04255318 0.25 0.06382977 0.3333333 0.04255318 0.25 0.04255318 0.3333333 0.06382977 0.4166666 0.04255318 0.3333333 0.04255318 0.4166666 0.06382977 0.5 0.04255318 0.4166666 0.04255318 0.5 0.06382977 0.5833333 0.04255318 0.5 0.04255318 0.5833333 0.06382977 0.6666667 0.04255318 0.5833333 0.04255318 0.6666667 0.06382977 0.75 0.04255318 0.6666667 0.04255318 0.75 0.06382977 0.8333333 0.04255318 0.75 0.04255318 0.8333333 0.06382977 0.9166667 0.04255318 0.8333333 0.04255318 0.9166667 0.08510637 1 0.06382977 0.9166667 0.06382977 1 0.08510637 0.08333331 0.06382977 0 0.06382977 0.08333331 0.06382977 0.1666666 0.08510637 0.08333331 0.06382977 0.08333331 0.08510637 0.25 0.06382977 0.1666666 0.06382977 0.25 0.06382977 0.3333333 0.08510637 0.25 0.06382977 0.25 0.08510637 0.4166666 0.06382977 0.3333333 0.06382977 0.4166666 0.08510637 0.5 0.06382977 0.4166666 0.06382977 0.5 0.08510637 0.5833333 0.06382977 0.5 0.06382977 0.5833333 0.08510637 0.6666667 0.06382977 0.5833333 0.06382977 0.6666667 0.06382977 0.75 0.08510637 0.6666667 0.06382977 0.6666667 0.08510637 0.8333333 0.06382977 0.75 0.06382977 0.8333333 0.08510637 0.9166667 0.06382977 0.8333333 0.06382977 0.9166667 0.08510637 1 0.106383 0.9166667 0.08510637 0.9166667 0.08510637 0.08333331 0.106383 0 0.08510637 0 0.106383 0.1666666 0.08510637 0.08333331 0.08510637 0.1666666 0.106383 0.25 0.08510637 0.1666666 0.08510637 0.25 0.106383 0.3333333 0.08510637 0.25 0.08510637 0.3333333 0.106383 0.4166666 0.08510637 0.3333333 0.08510637 0.4166666 0.106383 0.5 0.08510637 0.4166666 0.08510637 0.5 0.08510637 0.5833333 0.106383 0.5 0.08510637 0.5 0.106383 0.6666667 0.08510637 0.5833333 0.08510637 0.6666667 0.106383 0.75 0.08510637 0.6666667 0.08510637 0.75 0.106383 0.8333333 0.08510637 0.75 0.08510637 0.8333333 0.106383 0.9166667 0.08510637 0.8333333 0.08510637 0.9166667 0.1276596 1 0.106383 0.9166667 0.106383 1 0.1276596 0.08333331 0.106383 0 0.106383 0.08333331 0.1276596 0.1666666 0.106383 0.08333331 0.106383 0.1666666 0.106383 0.25 0.1276596 0.1666666 0.106383 0.1666666 0.1276596 0.3333333 0.106383 0.25 0.106383 0.3333333 0.1276596 0.4166666 0.106383 0.3333333 0.106383 0.4166666 0.106383 0.5 0.1276596 0.4166666 0.106383 0.4166666 0.1276596 0.5833333 0.106383 0.5 0.106383 0.5833333 0.1276596 0.6666667 0.106383 0.5833333 0.106383 0.6666667 0.1276596 0.75 0.106383 0.6666667 0.106383 0.75 0.1276596 0.8333333 0.106383 0.75 0.106383 0.8333333 0.1276596 0.9166667 0.106383 0.8333333 0.106383 0.9166667 0.1489362 1 0.1276596 0.9166667 0.1276596 1 0.1489362 0.08333331 0.1276596 0 0.1276596 0.08333331 0.1489362 0.1666666 0.1276596 0.08333331 0.1276596 0.1666666 0.1489362 0.25 0.1276596 0.1666666 0.1276596 0.25 0.1489362 0.3333333 0.1276596 0.25 0.1276596 0.3333333 0.1489362 0.4166666 0.1276596 0.3333333 0.1276596 0.4166666 0.1489362 0.5 0.1276596 0.4166666 0.1276596 0.5 0.1489362 0.5833333 0.1276596 0.5 0.1276596 0.5833333 0.1489362 0.6666667 0.1276596 0.5833333 0.1276596 0.6666667 0.1489362 0.75 0.1276596 0.6666667 0.1276596 0.75 0.1489362 0.8333333 0.1276596 0.75 0.1276596 0.8333333 0.1489362 0.9166667 0.1276596 0.8333333 0.1276596 0.9166667 0.1702128 1 0.1489362 0.9166667 0.1489362 1 0.1702128 0.08333331 0.1489362 0 0.1489362 0.08333331 0.1702128 0.1666666 0.1489362 0.08333331 0.1489362 0.1666666 0.1702128 0.25 0.1489362 0.1666666 0.1489362 0.25 0.1702128 0.3333333 0.1489362 0.25 0.1489362 0.3333333 0.1702128 0.4166666 0.1489362 0.3333333 0.1489362 0.4166666 0.1702128 0.5 0.1489362 0.4166666 0.1489362 0.5 0.1702128 0.5833333 0.1489362 0.5 0.1489362 0.5833333 0.1702128 0.6666667 0.1489362 0.5833333 0.1489362 0.6666667 0.1702128 0.75 0.1489362 0.6666667 0.1489362 0.75 0.1702128 0.8333333 0.1489362 0.75 0.1489362 0.8333333 0.1702128 0.9166667 0.1489362 0.8333333 0.1489362 0.9166667 0.1702128 1 0.1914893 0.9166667 0.1702128 0.9166667 0.1914893 0.08333331 0.1702128 0 0.1702128 0.08333331 0.1914893 0.1666666 0.1702128 0.08333331 0.1702128 0.1666666 0.1914893 0.25 0.1702128 0.1666666 0.1702128 0.25 0.1914893 0.3333333 0.1702128 0.25 0.1702128 0.3333333 0.1914893 0.4166666 0.1702128 0.3333333 0.1702128 0.4166666 0.1914893 0.5 0.1702128 0.4166666 0.1702128 0.5 0.1914893 0.5833333 0.1702128 0.5 0.1702128 0.5833333 0.1914893 0.6666667 0.1702128 0.5833333 0.1702128 0.6666667 0.1914893 0.75 0.1702128 0.6666667 0.1702128 0.75 0.1914893 0.8333333 0.1702128 0.75 0.1702128 0.8333333 0.1914893 0.9166667 0.1702128 0.8333333 0.1702128 0.9166667 0.2127659 1 0.1914893 0.9166667 0.1914893 1 0.2127659 0.08333331 0.1914893 0 0.1914893 0.08333331 0.2127659 0.1666666 0.1914893 0.08333331 0.1914893 0.1666666 0.2127659 0.25 0.1914893 0.1666666 0.1914893 0.25 0.2127659 0.3333333 0.1914893 0.25 0.1914893 0.3333333 0.2127659 0.4166666 0.1914893 0.3333333 0.1914893 0.4166666 0.2127659 0.5 0.1914893 0.4166666 0.1914893 0.5 0.2127659 0.5833333 0.1914893 0.5 0.1914893 0.5833333 0.2127659 0.6666667 0.1914893 0.5833333 0.1914893 0.6666667 0.2127659 0.75 0.1914893 0.6666667 0.1914893 0.75 0.2127659 0.8333333 0.1914893 0.75 0.1914893 0.8333333 0.2127659 0.9166667 0.1914893 0.8333333 0.1914893 0.9166667 0.2340425 1 0.2127659 0.9166667 0.2127659 1 0.2340425 0.08333331 0.2127659 0 0.2127659 0.08333331 0.2340425 0.1666666 0.2127659 0.08333331 0.2127659 0.1666666 0.2340425 0.25 0.2127659 0.1666666 0.2127659 0.25 0.2340425 0.3333333 0.2127659 0.25 0.2127659 0.3333333 0.2340425 0.4166666 0.2127659 0.3333333 0.2127659 0.4166666 0.2340425 0.5 0.2127659 0.4166666 0.2127659 0.5 0.2340425 0.5833333 0.2127659 0.5 0.2127659 0.5833333 0.2340425 0.6666667 0.2127659 0.5833333 0.2127659 0.6666667 0.2340425 0.75 0.2127659 0.6666667 0.2127659 0.75 0.2127659 0.8333333 0.2340425 0.75 0.2127659 0.75 0.2340425 0.9166667 0.2127659 0.8333333 0.2127659 0.9166667 0.2553191 1 0.2340425 0.9166667 0.2340425 1 0.2553191 0.08333331 0.2340425 0 0.2340425 0.08333331 0.2553191 0.1666666 0.2340425 0.08333331 0.2340425 0.1666666 0.2553191 0.25 0.2340425 0.1666666 0.2340425 0.25 0.2553191 0.3333333 0.2340425 0.25 0.2340425 0.3333333 0.2553191 0.4166666 0.2340425 0.3333333 0.2340425 0.4166666 0.2553191 0.5 0.2340425 0.4166666 0.2340425 0.5 0.2553191 0.5833333 0.2340425 0.5 0.2340425 0.5833333 0.2340425 0.6666667 0.2553191 0.5833333 0.2340425 0.5833333 0.2553191 0.75 0.2340425 0.6666667 0.2340425 0.75 0.2553191 0.8333333 0.2340425 0.75 0.2340425 0.8333333 0.2553191 0.9166667 0.2340425 0.8333333 0.2340425 0.9166667 0.2765957 1 0.2553191 0.9166667 0.2553191 1 0.2765957 0.08333331 0.2553191 0 0.2553191 0.08333331 0.2765957 0.1666666 0.2553191 0.08333331 0.2553191 0.1666666 0.2765957 0.25 0.2553191 0.1666666 0.2553191 0.25 0.2765957 0.3333333 0.2553191 0.25 0.2553191 0.3333333 0.2765957 0.4166666 0.2553191 0.3333333 0.2553191 0.4166666 0.2765957 0.5 0.2553191 0.4166666 0.2553191 0.5 0.2765957 0.5833333 0.2553191 0.5 0.2553191 0.5833333 0.2765957 0.6666667 0.2553191 0.5833333 0.2553191 0.6666667 0.2765957 0.75 0.2553191 0.6666667 0.2553191 0.75 0.2765957 0.8333333 0.2553191 0.75 0.2553191 0.8333333 0.2765957 0.9166667 0.2553191 0.8333333 0.2553191 0.9166667 0.2978723 1 0.2765957 0.9166667 0.2765957 1 0.2978723 0.08333331 0.2765957 0 0.2765957 0.08333331 0.2978723 0.1666666 0.2765957 0.08333331 0.2765957 0.1666666 0.2978723 0.25 0.2765957 0.1666666 0.2765957 0.25 0.2978723 0.3333333 0.2765957 0.25 0.2765957 0.3333333 0.2978723 0.4166666 0.2765957 0.3333333 0.2765957 0.4166666 0.2978723 0.5 0.2765957 0.4166666 0.2765957 0.5 0.2978723 0.5833333 0.2765957 0.5 0.2765957 0.5833333 0.2978723 0.6666667 0.2765957 0.5833333 0.2765957 0.6666667 0.2978723 0.75 0.2765957 0.6666667 0.2765957 0.75 0.2978723 0.8333333 0.2765957 0.75 0.2765957 0.8333333 0.2978723 0.9166667 0.2765957 0.8333333 0.2765957 0.9166667 0.3191489 1 0.2978723 0.9166667 0.2978723 1 0.3191489 0.08333331 0.2978723 0 0.2978723 0.08333331 0.3191489 0.1666666 0.2978723 0.08333331 0.2978723 0.1666666 0.3191489 0.25 0.2978723 0.1666666 0.2978723 0.25 0.3191489 0.3333333 0.2978723 0.25 0.2978723 0.3333333 0.3191489 0.4166666 0.2978723 0.3333333 0.2978723 0.4166666 0.3191489 0.5 0.2978723 0.4166666 0.2978723 0.5 0.3191489 0.5833333 0.2978723 0.5 0.2978723 0.5833333 0.3191489 0.6666667 0.2978723 0.5833333 0.2978723 0.6666667 0.3191489 0.75 0.2978723 0.6666667 0.2978723 0.75 0.3191489 0.8333333 0.2978723 0.75 0.2978723 0.8333333 0.3191489 0.9166667 0.2978723 0.8333333 0.2978723 0.9166667 0.3404255 1 0.3191489 0.9166667 0.3191489 1 0.3404255 0.08333331 0.3191489 0 0.3191489 0.08333331 0.3404255 0.1666666 0.3191489 0.08333331 0.3191489 0.1666666 0.3404255 0.25 0.3191489 0.1666666 0.3191489 0.25 0.3404255 0.3333333 0.3191489 0.25 0.3191489 0.3333333 0.3191489 0.4166666 0.3404255 0.3333333 0.3191489 0.3333333 0.3404255 0.5 0.3191489 0.4166666 0.3191489 0.5 0.3404255 0.5833333 0.3191489 0.5 0.3191489 0.5833333 0.3404255 0.6666667 0.3191489 0.5833333 0.3191489 0.6666667 0.3404255 0.75 0.3191489 0.6666667 0.3191489 0.75 0.3404255 0.8333333 0.3191489 0.75 0.3191489 0.8333333 0.3404255 0.9166667 0.3191489 0.8333333 0.3191489 0.9166667 0.3617021 1 0.3404255 0.9166667 0.3404255 1 0.3617021 0.08333331 0.3404255 0 0.3404255 0.08333331 0.3617021 0.1666666 0.3404255 0.08333331 0.3404255 0.1666666 0.3617021 0.25 0.3404255 0.1666666 0.3404255 0.25 0.3617021 0.3333333 0.3404255 0.25 0.3404255 0.3333333 0.3617021 0.4166666 0.3404255 0.3333333 0.3404255 0.4166666 0.3617021 0.5 0.3404255 0.4166666 0.3404255 0.5 0.3617021 0.5833333 0.3404255 0.5 0.3404255 0.5833333 0.3617021 0.6666667 0.3404255 0.5833333 0.3404255 0.6666667 0.3617021 0.75 0.3404255 0.6666667 0.3404255 0.75 0.3617021 0.8333333 0.3404255 0.75 0.3404255 0.8333333 0.3617021 0.9166667 0.3404255 0.8333333 0.3404255 0.9166667 0.3617021 1 0.3829787 0.9166667 0.3617021 0.9166667 0.3829787 0.08333331 0.3617021 0 0.3617021 0.08333331 0.3829787 0.1666666 0.3617021 0.08333331 0.3617021 0.1666666 0.3829787 0.25 0.3617021 0.1666666 0.3617021 0.25 0.3829787 0.3333333 0.3617021 0.25 0.3617021 0.3333333 0.3829787 0.4166666 0.3617021 0.3333333 0.3617021 0.4166666 0.3829787 0.5 0.3617021 0.4166666 0.3617021 0.5 0.3829787 0.5833333 0.3617021 0.5 0.3617021 0.5833333 0.3829787 0.6666667 0.3617021 0.5833333 0.3617021 0.6666667 0.3617021 0.75 0.3829787 0.6666667 0.3617021 0.6666667 0.3829787 0.8333333 0.3617021 0.75 0.3617021 0.8333333 0.3829787 0.9166667 0.3617021 0.8333333 0.3617021 0.9166667 0.4042553 1 0.3829787 0.9166667 0.3829787 1 0.3829787 0.08333331 0.4042553 0 0.3829787 0 0.3829787 0.1666666 0.4042553 0.08333331 0.3829787 0.08333331 0.4042553 0.25 0.3829787 0.1666666 0.3829787 0.25 0.4042553 0.3333333 0.3829787 0.25 0.3829787 0.3333333 0.4042553 0.4166666 0.3829787 0.3333333 0.3829787 0.4166666 0.4042553 0.5 0.3829787 0.4166666 0.3829787 0.5 0.4042553 0.5833333 0.3829787 0.5 0.3829787 0.5833333 0.3829787 0.6666667 0.4042553 0.5833333 0.3829787 0.5833333 0.4042553 0.75 0.3829787 0.6666667 0.3829787 0.75 0.4042553 0.8333333 0.3829787 0.75 0.3829787 0.8333333 0.4042553 0.9166667 0.3829787 0.8333333 0.3829787 0.9166667 0.4255319 1 0.4042553 0.9166667 0.4042553 1 0.4255319 0.08333331 0.4042553 0 0.4042553 0.08333331 0.4255319 0.1666666 0.4042553 0.08333331 0.4042553 0.1666666 0.4255319 0.25 0.4042553 0.1666666 0.4042553 0.25 0.4255319 0.3333333 0.4042553 0.25 0.4042553 0.3333333 0.4255319 0.4166666 0.4042553 0.3333333 0.4042553 0.4166666 0.4255319 0.5 0.4042553 0.4166666 0.4042553 0.5 0.4255319 0.5833333 0.4042553 0.5 0.4042553 0.5833333 0.4255319 0.6666667 0.4042553 0.5833333 0.4042553 0.6666667 0.4255319 0.75 0.4042553 0.6666667 0.4042553 0.75 0.4255319 0.8333333 0.4042553 0.75 0.4042553 0.8333333 0.4255319 0.9166667 0.4042553 0.8333333 0.4042553 0.9166667 0.4468085 1 0.4255319 0.9166667 0.4255319 1 0.4468085 0.08333331 0.4255319 0 0.4255319 0.08333331 0.4468085 0.1666666 0.4255319 0.08333331 0.4255319 0.1666666 0.4468085 0.25 0.4255319 0.1666666 0.4255319 0.25 0.4468085 0.3333333 0.4255319 0.25 0.4255319 0.3333333 0.4468085 0.4166666 0.4255319 0.3333333 0.4255319 0.4166666 0.4468085 0.5 0.4255319 0.4166666 0.4255319 0.5 0.4468085 0.5833333 0.4255319 0.5 0.4255319 0.5833333 0.4468085 0.6666667 0.4255319 0.5833333 0.4255319 0.6666667 0.4468085 0.75 0.4255319 0.6666667 0.4255319 0.75 0.4468085 0.8333333 0.4255319 0.75 0.4255319 0.8333333 0.4468085 0.9166667 0.4255319 0.8333333 0.4255319 0.9166667 0.4680851 1 0.4468085 0.9166667 0.4468085 1 0.4680851 0.08333331 0.4468085 0 0.4468085 0.08333331 0.4680851 0.1666666 0.4468085 0.08333331 0.4468085 0.1666666 0.4680851 0.25 0.4468085 0.1666666 0.4468085 0.25 0.4680851 0.3333333 0.4468085 0.25 0.4468085 0.3333333 0.4680851 0.4166666 0.4468085 0.3333333 0.4468085 0.4166666 0.4680851 0.5 0.4468085 0.4166666 0.4468085 0.5 0.4680851 0.5833333 0.4468085 0.5 0.4468085 0.5833333 0.4680851 0.6666667 0.4468085 0.5833333 0.4468085 0.6666667 0.4680851 0.75 0.4468085 0.6666667 0.4468085 0.75 0.4680851 0.8333333 0.4468085 0.75 0.4468085 0.8333333 0.4680851 0.9166667 0.4468085 0.8333333 0.4468085 0.9166667 0.4680851 1 0.4893617 0.9166667 0.4680851 0.9166667 0.4893617 0.08333331 0.4680851 0 0.4680851 0.08333331 0.4893617 0.1666666 0.4680851 0.08333331 0.4680851 0.1666666 0.4893617 0.25 0.4680851 0.1666666 0.4680851 0.25 0.4893617 0.3333333 0.4680851 0.25 0.4680851 0.3333333 0.4893617 0.4166666 0.4680851 0.3333333 0.4680851 0.4166666 0.4893617 0.5 0.4680851 0.4166666 0.4680851 0.5 0.4680851 0.5833333 0.4893617 0.5 0.4680851 0.5 0.4893617 0.6666667 0.4680851 0.5833333 0.4680851 0.6666667 0.4893617 0.75 0.4680851 0.6666667 0.4680851 0.75 0.4893617 0.8333333 0.4680851 0.75 0.4680851 0.8333333 0.4893617 0.9166667 0.4680851 0.8333333 0.4680851 0.9166667 0.5106383 1 0.4893617 0.9166667 0.4893617 1 0.5106383 0.08333331 0.4893617 0 0.4893617 0.08333331 0.5106383 0.1666666 0.4893617 0.08333331 0.4893617 0.1666666 0.5106383 0.25 0.4893617 0.1666666 0.4893617 0.25 0.5106383 0.3333333 0.4893617 0.25 0.4893617 0.3333333 0.4893617 0.4166666 0.5106383 0.3333333 0.4893617 0.3333333 0.5106383 0.5 0.4893617 0.4166666 0.4893617 0.5 0.4893617 0.5833333 0.5106383 0.5 0.4893617 0.5 0.5106383 0.6666667 0.4893617 0.5833333 0.4893617 0.6666667 0.5106383 0.75 0.4893617 0.6666667 0.4893617 0.75 0.5106383 0.8333333 0.4893617 0.75 0.4893617 0.8333333 0.4893617 0.9166667 0.5106383 0.8333333 0.4893617 0.8333333 0.5319149 1 0.5106383 0.9166667 0.5106383 1 0.5319149 0.08333331 0.5106383 0 0.5106383 0.08333331 0.5319149 0.1666666 0.5106383 0.08333331 0.5106383 0.1666666 0.5319149 0.25 0.5106383 0.1666666 0.5106383 0.25 0.5319149 0.3333333 0.5106383 0.25 0.5106383 0.3333333 0.5319149 0.4166666 0.5106383 0.3333333 0.5106383 0.4166666 0.5319149 0.5 0.5106383 0.4166666 0.5106383 0.5 0.5319149 0.5833333 0.5106383 0.5 0.5106383 0.5833333 0.5319149 0.6666667 0.5106383 0.5833333 0.5106383 0.6666667 0.5319149 0.75 0.5106383 0.6666667 0.5106383 0.75 0.5319149 0.8333333 0.5106383 0.75 0.5106383 0.8333333 0.5319149 0.9166667 0.5106383 0.8333333 0.5106383 0.9166667 0.5531915 1 0.5319149 0.9166667 0.5319149 1 0.5531915 0.08333331 0.5319149 0 0.5319149 0.08333331 0.5531915 0.1666666 0.5319149 0.08333331 0.5319149 0.1666666 0.5319149 0.25 0.5531915 0.1666666 0.5319149 0.1666666 0.5531915 0.3333333 0.5319149 0.25 0.5319149 0.3333333 0.5531915 0.4166666 0.5319149 0.3333333 0.5319149 0.4166666 0.5531915 0.5 0.5319149 0.4166666 0.5319149 0.5 0.5531915 0.5833333 0.5319149 0.5 0.5319149 0.5833333 0.5531915 0.6666667 0.5319149 0.5833333 0.5319149 0.6666667 0.5531915 0.75 0.5319149 0.6666667 0.5319149 0.75 0.5531915 0.8333333 0.5319149 0.75 0.5319149 0.8333333 0.5531915 0.9166667 0.5319149 0.8333333 0.5319149 0.9166667 0.5744681 1 0.5531915 0.9166667 0.5531915 1 0.5744681 0.08333331 0.5531915 0 0.5531915 0.08333331 0.5744681 0.1666666 0.5531915 0.08333331 0.5531915 0.1666666 0.5744681 0.25 0.5531915 0.1666666 0.5531915 0.25 0.5744681 0.3333333 0.5531915 0.25 0.5531915 0.3333333 0.5744681 0.4166666 0.5531915 0.3333333 0.5531915 0.4166666 0.5744681 0.5 0.5531915 0.4166666 0.5531915 0.5 0.5744681 0.5833333 0.5531915 0.5 0.5531915 0.5833333 0.5744681 0.6666667 0.5531915 0.5833333 0.5531915 0.6666667 0.5744681 0.75 0.5531915 0.6666667 0.5531915 0.75 0.5744681 0.8333333 0.5531915 0.75 0.5531915 0.8333333 0.5744681 0.9166667 0.5531915 0.8333333 0.5531915 0.9166667 0.5957447 1 0.5744681 0.9166667 0.5744681 1 0.5957447 0.08333331 0.5744681 0 0.5744681 0.08333331 0.5957447 0.1666666 0.5744681 0.08333331 0.5744681 0.1666666 0.5957447 0.25 0.5744681 0.1666666 0.5744681 0.25 0.5957447 0.3333333 0.5744681 0.25 0.5744681 0.3333333 0.5957447 0.4166666 0.5744681 0.3333333 0.5744681 0.4166666 0.5957447 0.5 0.5744681 0.4166666 0.5744681 0.5 0.5957447 0.5833333 0.5744681 0.5 0.5744681 0.5833333 0.5957447 0.6666667 0.5744681 0.5833333 0.5744681 0.6666667 0.5957447 0.75 0.5744681 0.6666667 0.5744681 0.75 0.5957447 0.8333333 0.5744681 0.75 0.5744681 0.8333333 0.5957447 0.9166667 0.5744681 0.8333333 0.5744681 0.9166667 0.6170213 1 0.5957447 0.9166667 0.5957447 1 0.5957447 0.08333331 0.6170213 0 0.5957447 0 0.5957447 0.1666666 0.6170213 0.08333331 0.5957447 0.08333331 0.6170213 0.25 0.5957447 0.1666666 0.5957447 0.25 0.6170213 0.3333333 0.5957447 0.25 0.5957447 0.3333333 0.6170213 0.4166666 0.5957447 0.3333333 0.5957447 0.4166666 0.6170213 0.5 0.5957447 0.4166666 0.5957447 0.5 0.5957447 0.5833333 0.6170213 0.5 0.5957447 0.5 0.5957447 0.6666667 0.6170213 0.5833333 0.5957447 0.5833333 0.6170213 0.75 0.5957447 0.6666667 0.5957447 0.75 0.6170213 0.8333333 0.5957447 0.75 0.5957447 0.8333333 0.6170213 0.9166667 0.5957447 0.8333333 0.5957447 0.9166667 0.6382979 1 0.6170213 0.9166667 0.6170213 1 0.6382979 0.08333331 0.6170213 0 0.6170213 0.08333331 0.6382979 0.1666666 0.6170213 0.08333331 0.6170213 0.1666666 0.6382979 0.25 0.6170213 0.1666666 0.6170213 0.25 0.6382979 0.3333333 0.6170213 0.25 0.6170213 0.3333333 0.6382979 0.4166666 0.6170213 0.3333333 0.6170213 0.4166666 0.6382979 0.5 0.6170213 0.4166666 0.6170213 0.5 0.6382979 0.5833333 0.6170213 0.5 0.6170213 0.5833333 0.6382979 0.6666667 0.6170213 0.5833333 0.6170213 0.6666667 0.6382979 0.75 0.6170213 0.6666667 0.6170213 0.75 0.6382979 0.8333333 0.6170213 0.75 0.6170213 0.8333333 0.6382979 0.9166667 0.6170213 0.8333333 0.6170213 0.9166667 0.6595745 1 0.6382979 0.9166667 0.6382979 1 0.6595745 0.08333331 0.6382979 0 0.6382979 0.08333331 0.6595745 0.1666666 0.6382979 0.08333331 0.6382979 0.1666666 0.6595745 0.25 0.6382979 0.1666666 0.6382979 0.25 0.6595745 0.3333333 0.6382979 0.25 0.6382979 0.3333333 0.6595745 0.4166666 0.6382979 0.3333333 0.6382979 0.4166666 0.6595745 0.5 0.6382979 0.4166666 0.6382979 0.5 0.6595745 0.5833333 0.6382979 0.5 0.6382979 0.5833333 0.6595745 0.6666667 0.6382979 0.5833333 0.6382979 0.6666667 0.6595745 0.75 0.6382979 0.6666667 0.6382979 0.75 0.6595745 0.8333333 0.6382979 0.75 0.6382979 0.8333333 0.6595745 0.9166667 0.6382979 0.8333333 0.6382979 0.9166667 0.6808511 1 0.6595745 0.9166667 0.6595745 1 0.6808511 0.08333331 0.6595745 0 0.6595745 0.08333331 0.6808511 0.1666666 0.6595745 0.08333331 0.6595745 0.1666666 0.6808511 0.25 0.6595745 0.1666666 0.6595745 0.25 0.6808511 0.3333333 0.6595745 0.25 0.6595745 0.3333333 0.6808511 0.4166666 0.6595745 0.3333333 0.6595745 0.4166666 0.6808511 0.5 0.6595745 0.4166666 0.6595745 0.5 0.6808511 0.5833333 0.6595745 0.5 0.6595745 0.5833333 0.6808511 0.6666667 0.6595745 0.5833333 0.6595745 0.6666667 0.6808511 0.75 0.6595745 0.6666667 0.6595745 0.75 0.6808511 0.8333333 0.6595745 0.75 0.6595745 0.8333333 0.6808511 0.9166667 0.6595745 0.8333333 0.6595745 0.9166667 0.7021276 1 0.6808511 0.9166667 0.6808511 1 0.7021276 0.08333331 0.6808511 0 0.6808511 0.08333331 0.7021276 0.1666666 0.6808511 0.08333331 0.6808511 0.1666666 0.7021276 0.25 0.6808511 0.1666666 0.6808511 0.25 0.7021276 0.3333333 0.6808511 0.25 0.6808511 0.3333333 0.7021276 0.4166666 0.6808511 0.3333333 0.6808511 0.4166666 0.7021276 0.5 0.6808511 0.4166666 0.6808511 0.5 0.7021276 0.5833333 0.6808511 0.5 0.6808511 0.5833333 0.7021276 0.6666667 0.6808511 0.5833333 0.6808511 0.6666667 0.7021276 0.75 0.6808511 0.6666667 0.6808511 0.75 0.7021276 0.8333333 0.6808511 0.75 0.6808511 0.8333333 0.7021276 0.9166667 0.6808511 0.8333333 0.6808511 0.9166667 0.7234042 1 0.7021276 0.9166667 0.7021276 1 0.7234042 0.08333331 0.7021276 0 0.7021276 0.08333331 0.7234042 0.1666666 0.7021276 0.08333331 0.7021276 0.1666666 0.7234042 0.25 0.7021276 0.1666666 0.7021276 0.25 0.7234042 0.3333333 0.7021276 0.25 0.7021276 0.3333333 0.7234042 0.4166666 0.7021276 0.3333333 0.7021276 0.4166666 0.7234042 0.5 0.7021276 0.4166666 0.7021276 0.5 0.7234042 0.5833333 0.7021276 0.5 0.7021276 0.5833333 0.7234042 0.6666667 0.7021276 0.5833333 0.7021276 0.6666667 0.7234042 0.75 0.7021276 0.6666667 0.7021276 0.75 0.7234042 0.8333333 0.7021276 0.75 0.7021276 0.8333333 0.7234042 0.9166667 0.7021276 0.8333333 0.7021276 0.9166667 0.7446808 1 0.7234042 0.9166667 0.7234042 1 0.7446808 0.08333331 0.7234042 0 0.7234042 0.08333331 0.7446808 0.1666666 0.7234042 0.08333331 0.7234042 0.1666666 0.7446808 0.25 0.7234042 0.1666666 0.7234042 0.25 0.7446808 0.3333333 0.7234042 0.25 0.7234042 0.3333333 0.7446808 0.4166666 0.7234042 0.3333333 0.7234042 0.4166666 0.7446808 0.5 0.7234042 0.4166666 0.7234042 0.5 0.7446808 0.5833333 0.7234042 0.5 0.7234042 0.5833333 0.7446808 0.6666667 0.7234042 0.5833333 0.7234042 0.6666667 0.7446808 0.75 0.7234042 0.6666667 0.7234042 0.75 0.7446808 0.8333333 0.7234042 0.75 0.7234042 0.8333333 0.7446808 0.9166667 0.7234042 0.8333333 0.7234042 0.9166667 0.7659575 1 0.7446808 0.9166667 0.7446808 1 0.7659575 0.08333331 0.7446808 0 0.7446808 0.08333331 0.7659575 0.1666666 0.7446808 0.08333331 0.7446808 0.1666666 0.7659575 0.25 0.7446808 0.1666666 0.7446808 0.25 0.7659575 0.3333333 0.7446808 0.25 0.7446808 0.3333333 0.7659575 0.4166666 0.7446808 0.3333333 0.7446808 0.4166666 0.7659575 0.5 0.7446808 0.4166666 0.7446808 0.5 0.7659575 0.5833333 0.7446808 0.5 0.7446808 0.5833333 0.7659575 0.6666667 0.7446808 0.5833333 0.7446808 0.6666667 0.7659575 0.75 0.7446808 0.6666667 0.7446808 0.75 0.7659575 0.8333333 0.7446808 0.75 0.7446808 0.8333333 0.7659575 0.9166667 0.7446808 0.8333333 0.7446808 0.9166667 0.7872341 1 0.7659575 0.9166667 0.7659575 1 0.7872341 0.08333331 0.7659575 0 0.7659575 0.08333331 0.7872341 0.1666666 0.7659575 0.08333331 0.7659575 0.1666666 0.7872341 0.25 0.7659575 0.1666666 0.7659575 0.25 0.7872341 0.3333333 0.7659575 0.25 0.7659575 0.3333333 0.7872341 0.4166666 0.7659575 0.3333333 0.7659575 0.4166666 0.7872341 0.5 0.7659575 0.4166666 0.7659575 0.5 0.7872341 0.5833333 0.7659575 0.5 0.7659575 0.5833333 0.7872341 0.6666667 0.7659575 0.5833333 0.7659575 0.6666667 0.7872341 0.75 0.7659575 0.6666667 0.7659575 0.75 0.7872341 0.8333333 0.7659575 0.75 0.7659575 0.8333333 0.7872341 0.9166667 0.7659575 0.8333333 0.7659575 0.9166667 0.8085107 1 0.7872341 0.9166667 0.7872341 1 0.8085107 0.08333331 0.7872341 0 0.7872341 0.08333331 0.8085107 0.1666666 0.7872341 0.08333331 0.7872341 0.1666666 0.8085107 0.25 0.7872341 0.1666666 0.7872341 0.25 0.8085107 0.3333333 0.7872341 0.25 0.7872341 0.3333333 0.8085107 0.4166666 0.7872341 0.3333333 0.7872341 0.4166666 0.8085107 0.5 0.7872341 0.4166666 0.7872341 0.5 0.8085107 0.5833333 0.7872341 0.5 0.7872341 0.5833333 0.8085107 0.6666667 0.7872341 0.5833333 0.7872341 0.6666667 0.8085107 0.75 0.7872341 0.6666667 0.7872341 0.75 0.8085107 0.8333333 0.7872341 0.75 0.7872341 0.8333333 0.8085107 0.9166667 0.7872341 0.8333333 0.7872341 0.9166667 0.8297873 1 0.8085107 0.9166667 0.8085107 1 0.8297873 0.08333331 0.8085107 0 0.8085107 0.08333331 0.8297873 0.1666666 0.8085107 0.08333331 0.8085107 0.1666666 0.8297873 0.25 0.8085107 0.1666666 0.8085107 0.25 0.8297873 0.3333333 0.8085107 0.25 0.8085107 0.3333333 0.8297873 0.4166666 0.8085107 0.3333333 0.8085107 0.4166666 0.8297873 0.5 0.8085107 0.4166666 0.8085107 0.5 0.8297873 0.5833333 0.8085107 0.5 0.8085107 0.5833333 0.8297873 0.6666667 0.8085107 0.5833333 0.8085107 0.6666667 0.8297873 0.75 0.8085107 0.6666667 0.8085107 0.75 0.8297873 0.8333333 0.8085107 0.75 0.8085107 0.8333333 0.8297873 0.9166667 0.8085107 0.8333333 0.8085107 0.9166667 0.8510639 1 0.8297873 0.9166667 0.8297873 1 0.8510639 0.08333331 0.8297873 0 0.8297873 0.08333331 0.8510639 0.1666666 0.8297873 0.08333331 0.8297873 0.1666666 0.8510639 0.25 0.8297873 0.1666666 0.8297873 0.25 0.8510639 0.3333333 0.8297873 0.25 0.8297873 0.3333333 0.8510639 0.4166666 0.8297873 0.3333333 0.8297873 0.4166666 0.8510639 0.5 0.8297873 0.4166666 0.8297873 0.5 0.8510639 0.5833333 0.8297873 0.5 0.8297873 0.5833333 0.8510639 0.6666667 0.8297873 0.5833333 0.8297873 0.6666667 0.8510639 0.75 0.8297873 0.6666667 0.8297873 0.75 0.8510639 0.8333333 0.8297873 0.75 0.8297873 0.8333333 0.8510639 0.9166667 0.8297873 0.8333333 0.8297873 0.9166667 0.8723405 1 0.8510639 0.9166667 0.8510639 1 0.8510639 0.08333331 0.8723405 0 0.8510639 0 0.8510639 0.1666666 0.8723405 0.08333331 0.8510639 0.08333331 0.8510639 0.25 0.8723405 0.1666666 0.8510639 0.1666666 0.8723405 0.3333333 0.8510639 0.25 0.8510639 0.3333333 0.8723405 0.4166666 0.8510639 0.3333333 0.8510639 0.4166666 0.8723405 0.5 0.8510639 0.4166666 0.8510639 0.5 0.8510639 0.5833333 0.8723405 0.5 0.8510639 0.5 0.8723405 0.6666667 0.8510639 0.5833333 0.8510639 0.6666667 0.8723405 0.75 0.8510639 0.6666667 0.8510639 0.75 0.8723405 0.8333333 0.8510639 0.75 0.8510639 0.8333333 0.8510639 0.9166667 0.8723405 0.8333333 0.8510639 0.8333333 0.8723405 1 0.893617 0.9166667 0.8723405 0.9166667 0.8723405 0.08333331 0.893617 0 0.8723405 0 0.893617 0.1666666 0.8723405 0.08333331 0.8723405 0.1666666 0.893617 0.25 0.8723405 0.1666666 0.8723405 0.25 0.893617 0.3333333 0.8723405 0.25 0.8723405 0.3333333 0.893617 0.4166666 0.8723405 0.3333333 0.8723405 0.4166666 0.893617 0.5 0.8723405 0.4166666 0.8723405 0.5 0.8723405 0.5833333 0.893617 0.5 0.8723405 0.5 0.893617 0.6666667 0.8723405 0.5833333 0.8723405 0.6666667 0.893617 0.75 0.8723405 0.6666667 0.8723405 0.75 0.893617 0.8333333 0.8723405 0.75 0.8723405 0.8333333 0.893617 0.9166667 0.8723405 0.8333333 0.8723405 0.9166667 0.9148936 1 0.893617 0.9166667 0.893617 1 0.9148936 0.08333331 0.893617 0 0.893617 0.08333331 0.9148936 0.1666666 0.893617 0.08333331 0.893617 0.1666666 0.9148936 0.25 0.893617 0.1666666 0.893617 0.25 0.9148936 0.3333333 0.893617 0.25 0.893617 0.3333333 0.9148936 0.4166666 0.893617 0.3333333 0.893617 0.4166666 0.9148936 0.5 0.893617 0.4166666 0.893617 0.5 0.9148936 0.5833333 0.893617 0.5 0.893617 0.5833333 0.9148936 0.6666667 0.893617 0.5833333 0.893617 0.6666667 0.9148936 0.75 0.893617 0.6666667 0.893617 0.75 0.9148936 0.8333333 0.893617 0.75 0.893617 0.8333333 0.9148936 0.9166667 0.893617 0.8333333 0.893617 0.9166667 0.9361702 1 0.9148936 0.9166667 0.9148936 1 0.9361702 0.08333331 0.9148936 0 0.9148936 0.08333331 0.9361702 0.1666666 0.9148936 0.08333331 0.9148936 0.1666666 0.9361702 0.25 0.9148936 0.1666666 0.9148936 0.25 0.9361702 0.3333333 0.9148936 0.25 0.9148936 0.3333333 0.9361702 0.4166666 0.9148936 0.3333333 0.9148936 0.4166666 0.9361702 0.5 0.9148936 0.4166666 0.9148936 0.5 0.9361702 0.5833333 0.9148936 0.5 0.9148936 0.5833333 0.9361702 0.6666667 0.9148936 0.5833333 0.9148936 0.6666667 0.9361702 0.75 0.9148936 0.6666667 0.9148936 0.75 0.9361702 0.8333333 0.9148936 0.75 0.9148936 0.8333333 0.9361702 0.9166667 0.9148936 0.8333333 0.9148936 0.9166667 0.9574468 1 0.9361702 0.9166667 0.9361702 1 0.9574468 0.08333331 0.9361702 0 0.9361702 0.08333331 0.9574468 0.1666666 0.9361702 0.08333331 0.9361702 0.1666666 0.9574468 0.25 0.9361702 0.1666666 0.9361702 0.25 0.9574468 0.3333333 0.9361702 0.25 0.9361702 0.3333333 0.9574468 0.4166666 0.9361702 0.3333333 0.9361702 0.4166666 0.9574468 0.5 0.9361702 0.4166666 0.9361702 0.5 0.9574468 0.5833333 0.9361702 0.5 0.9361702 0.5833333 0.9574468 0.6666667 0.9361702 0.5833333 0.9361702 0.6666667 0.9574468 0.75 0.9361702 0.6666667 0.9361702 0.75 0.9574468 0.8333333 0.9361702 0.75 0.9361702 0.8333333 0.9574468 0.9166667 0.9361702 0.8333333 0.9361702 0.9166667 0.9787234 1 0.9574468 0.9166667 0.9574468 1 0.9787234 0.08333331 0.9574468 0 0.9574468 0.08333331 0.9787234 0.1666666 0.9574468 0.08333331 0.9574468 0.1666666 0.9787234 0.25 0.9574468 0.1666666 0.9574468 0.25 0.9787234 0.3333333 0.9574468 0.25 0.9574468 0.3333333 0.9787234 0.4166666 0.9574468 0.3333333 0.9574468 0.4166666 0.9787234 0.5 0.9574468 0.4166666 0.9574468 0.5 0.9787234 0.5833333 0.9574468 0.5 0.9574468 0.5833333 0.9787234 0.6666667 0.9574468 0.5833333 0.9574468 0.6666667 0.9787234 0.75 0.9574468 0.6666667 0.9574468 0.75 0.9787234 0.8333333 0.9574468 0.75 0.9574468 0.8333333 0.9787234 0.9166667 0.9574468 0.8333333 0.9574468 0.9166667 1 1 0.9787234 0.9166667 0.9787234 1 1 0.08333331 0.9787234 0 0.9787234 0.08333331 1 0.1666666 0.9787234 0.08333331 0.9787234 0.1666666 1 0.25 0.9787234 0.1666666 0.9787234 0.25 1 0.3333333 0.9787234 0.25 0.9787234 0.3333333 1 0.4166666 0.9787234 0.3333333 0.9787234 0.4166666 1 0.5 0.9787234 0.4166666 0.9787234 0.5 1 0.5833333 0.9787234 0.5 0.9787234 0.5833333 1 0.6666667 0.9787234 0.5833333 0.9787234 0.6666667 1 0.75 0.9787234 0.6666667 0.9787234 0.75 1 0.8333333 0.9787234 0.75 0.9787234 0.8333333 1 0.9166667 0.9787234 0.8333333 0.9787234 0.9166667 0.02127659 1 0.02127659 0.9166667 0 0.9166667 0.02127659 0.08333331 0.02127659 0 0 0 0 0.1666666 0.02127659 0.1666666 0.02127659 0.08333331 0.02127659 0.25 0.02127659 0.1666666 0 0.1666666 0.02127659 0.3333333 0.02127659 0.25 0 0.25 0.02127659 0.4166666 0.02127659 0.3333333 0 0.3333333 0.02127659 0.5 0.02127659 0.4166666 0 0.4166666 0.02127659 0.5833333 0.02127659 0.5 0 0.5 0.02127659 0.6666667 0.02127659 0.5833333 0 0.5833333 0 0.75 0.02127659 0.75 0.02127659 0.6666667 0.02127659 0.8333333 0.02127659 0.75 0 0.75 0.02127659 0.9166667 0.02127659 0.8333333 0 0.8333333 0.02127659 1 0.04255318 1 0.04255318 0.9166667 0.02127659 0.08333331 0.04255318 0.08333331 0.04255318 0 0.04255318 0.1666666 0.04255318 0.08333331 0.02127659 0.08333331 0.04255318 0.25 0.04255318 0.1666666 0.02127659 0.1666666 0.04255318 0.3333333 0.04255318 0.25 0.02127659 0.25 0.04255318 0.4166666 0.04255318 0.3333333 0.02127659 0.3333333 0.04255318 0.5 0.04255318 0.4166666 0.02127659 0.4166666 0.02127659 0.5833333 0.04255318 0.5833333 0.04255318 0.5 0.02127659 0.6666667 0.04255318 0.6666667 0.04255318 0.5833333 0.02127659 0.75 0.04255318 0.75 0.04255318 0.6666667 0.04255318 0.8333333 0.04255318 0.75 0.02127659 0.75 0.04255318 0.9166667 0.04255318 0.8333333 0.02127659 0.8333333 0.06382977 1 0.06382977 0.9166667 0.04255318 0.9166667 0.06382977 0.08333331 0.06382977 0 0.04255318 0 0.06382977 0.1666666 0.06382977 0.08333331 0.04255318 0.08333331 0.06382977 0.25 0.06382977 0.1666666 0.04255318 0.1666666 0.06382977 0.3333333 0.06382977 0.25 0.04255318 0.25 0.06382977 0.4166666 0.06382977 0.3333333 0.04255318 0.3333333 0.06382977 0.5 0.06382977 0.4166666 0.04255318 0.4166666 0.06382977 0.5833333 0.06382977 0.5 0.04255318 0.5 0.06382977 0.6666667 0.06382977 0.5833333 0.04255318 0.5833333 0.06382977 0.75 0.06382977 0.6666667 0.04255318 0.6666667 0.06382977 0.8333333 0.06382977 0.75 0.04255318 0.75 0.06382977 0.9166667 0.06382977 0.8333333 0.04255318 0.8333333 0.08510637 1 0.08510637 0.9166667 0.06382977 0.9166667 0.08510637 0.08333331 0.08510637 0 0.06382977 0 0.06382977 0.1666666 0.08510637 0.1666666 0.08510637 0.08333331 0.08510637 0.25 0.08510637 0.1666666 0.06382977 0.1666666 0.06382977 0.3333333 0.08510637 0.3333333 0.08510637 0.25 0.08510637 0.4166666 0.08510637 0.3333333 0.06382977 0.3333333 0.08510637 0.5 0.08510637 0.4166666 0.06382977 0.4166666 0.08510637 0.5833333 0.08510637 0.5 0.06382977 0.5 0.08510637 0.6666667 0.08510637 0.5833333 0.06382977 0.5833333 0.06382977 0.75 0.08510637 0.75 0.08510637 0.6666667 0.08510637 0.8333333 0.08510637 0.75 0.06382977 0.75 0.08510637 0.9166667 0.08510637 0.8333333 0.06382977 0.8333333 0.08510637 1 0.106383 1 0.106383 0.9166667 0.08510637 0.08333331 0.106383 0.08333331 0.106383 0 0.106383 0.1666666 0.106383 0.08333331 0.08510637 0.08333331 0.106383 0.25 0.106383 0.1666666 0.08510637 0.1666666 0.106383 0.3333333 0.106383 0.25 0.08510637 0.25 0.106383 0.4166666 0.106383 0.3333333 0.08510637 0.3333333 0.106383 0.5 0.106383 0.4166666 0.08510637 0.4166666 0.08510637 0.5833333 0.106383 0.5833333 0.106383 0.5 0.106383 0.6666667 0.106383 0.5833333 0.08510637 0.5833333 0.106383 0.75 0.106383 0.6666667 0.08510637 0.6666667 0.106383 0.8333333 0.106383 0.75 0.08510637 0.75 0.106383 0.9166667 0.106383 0.8333333 0.08510637 0.8333333 0.1276596 1 0.1276596 0.9166667 0.106383 0.9166667 0.1276596 0.08333331 0.1276596 0 0.106383 0 0.1276596 0.1666666 0.1276596 0.08333331 0.106383 0.08333331 0.106383 0.25 0.1276596 0.25 0.1276596 0.1666666 0.1276596 0.3333333 0.1276596 0.25 0.106383 0.25 0.1276596 0.4166666 0.1276596 0.3333333 0.106383 0.3333333 0.106383 0.5 0.1276596 0.5 0.1276596 0.4166666 0.1276596 0.5833333 0.1276596 0.5 0.106383 0.5 0.1276596 0.6666667 0.1276596 0.5833333 0.106383 0.5833333 0.1276596 0.75 0.1276596 0.6666667 0.106383 0.6666667 0.1276596 0.8333333 0.1276596 0.75 0.106383 0.75 0.1276596 0.9166667 0.1276596 0.8333333 0.106383 0.8333333 0.1489362 1 0.1489362 0.9166667 0.1276596 0.9166667 0.1489362 0.08333331 0.1489362 0 0.1276596 0 0.1489362 0.1666666 0.1489362 0.08333331 0.1276596 0.08333331 0.1489362 0.25 0.1489362 0.1666666 0.1276596 0.1666666 0.1489362 0.3333333 0.1489362 0.25 0.1276596 0.25 0.1489362 0.4166666 0.1489362 0.3333333 0.1276596 0.3333333 0.1489362 0.5 0.1489362 0.4166666 0.1276596 0.4166666 0.1489362 0.5833333 0.1489362 0.5 0.1276596 0.5 0.1489362 0.6666667 0.1489362 0.5833333 0.1276596 0.5833333 0.1489362 0.75 0.1489362 0.6666667 0.1276596 0.6666667 0.1489362 0.8333333 0.1489362 0.75 0.1276596 0.75 0.1489362 0.9166667 0.1489362 0.8333333 0.1276596 0.8333333 0.1702128 1 0.1702128 0.9166667 0.1489362 0.9166667 0.1702128 0.08333331 0.1702128 0 0.1489362 0 0.1702128 0.1666666 0.1702128 0.08333331 0.1489362 0.08333331 0.1702128 0.25 0.1702128 0.1666666 0.1489362 0.1666666 0.1702128 0.3333333 0.1702128 0.25 0.1489362 0.25 0.1702128 0.4166666 0.1702128 0.3333333 0.1489362 0.3333333 0.1702128 0.5 0.1702128 0.4166666 0.1489362 0.4166666 0.1702128 0.5833333 0.1702128 0.5 0.1489362 0.5 0.1702128 0.6666667 0.1702128 0.5833333 0.1489362 0.5833333 0.1702128 0.75 0.1702128 0.6666667 0.1489362 0.6666667 0.1702128 0.8333333 0.1702128 0.75 0.1489362 0.75 0.1702128 0.9166667 0.1702128 0.8333333 0.1489362 0.8333333 0.1702128 1 0.1914893 1 0.1914893 0.9166667 0.1914893 0.08333331 0.1914893 0 0.1702128 0 0.1914893 0.1666666 0.1914893 0.08333331 0.1702128 0.08333331 0.1914893 0.25 0.1914893 0.1666666 0.1702128 0.1666666 0.1914893 0.3333333 0.1914893 0.25 0.1702128 0.25 0.1914893 0.4166666 0.1914893 0.3333333 0.1702128 0.3333333 0.1914893 0.5 0.1914893 0.4166666 0.1702128 0.4166666 0.1914893 0.5833333 0.1914893 0.5 0.1702128 0.5 0.1914893 0.6666667 0.1914893 0.5833333 0.1702128 0.5833333 0.1914893 0.75 0.1914893 0.6666667 0.1702128 0.6666667 0.1914893 0.8333333 0.1914893 0.75 0.1702128 0.75 0.1914893 0.9166667 0.1914893 0.8333333 0.1702128 0.8333333 0.2127659 1 0.2127659 0.9166667 0.1914893 0.9166667 0.2127659 0.08333331 0.2127659 0 0.1914893 0 0.2127659 0.1666666 0.2127659 0.08333331 0.1914893 0.08333331 0.2127659 0.25 0.2127659 0.1666666 0.1914893 0.1666666 0.2127659 0.3333333 0.2127659 0.25 0.1914893 0.25 0.2127659 0.4166666 0.2127659 0.3333333 0.1914893 0.3333333 0.2127659 0.5 0.2127659 0.4166666 0.1914893 0.4166666 0.2127659 0.5833333 0.2127659 0.5 0.1914893 0.5 0.2127659 0.6666667 0.2127659 0.5833333 0.1914893 0.5833333 0.2127659 0.75 0.2127659 0.6666667 0.1914893 0.6666667 0.2127659 0.8333333 0.2127659 0.75 0.1914893 0.75 0.2127659 0.9166667 0.2127659 0.8333333 0.1914893 0.8333333 0.2340425 1 0.2340425 0.9166667 0.2127659 0.9166667 0.2340425 0.08333331 0.2340425 0 0.2127659 0 0.2340425 0.1666666 0.2340425 0.08333331 0.2127659 0.08333331 0.2340425 0.25 0.2340425 0.1666666 0.2127659 0.1666666 0.2340425 0.3333333 0.2340425 0.25 0.2127659 0.25 0.2340425 0.4166666 0.2340425 0.3333333 0.2127659 0.3333333 0.2340425 0.5 0.2340425 0.4166666 0.2127659 0.4166666 0.2340425 0.5833333 0.2340425 0.5 0.2127659 0.5 0.2340425 0.6666667 0.2340425 0.5833333 0.2127659 0.5833333 0.2340425 0.75 0.2340425 0.6666667 0.2127659 0.6666667 0.2127659 0.8333333 0.2340425 0.8333333 0.2340425 0.75 0.2340425 0.9166667 0.2340425 0.8333333 0.2127659 0.8333333 0.2553191 1 0.2553191 0.9166667 0.2340425 0.9166667 0.2553191 0.08333331 0.2553191 0 0.2340425 0 0.2553191 0.1666666 0.2553191 0.08333331 0.2340425 0.08333331 0.2553191 0.25 0.2553191 0.1666666 0.2340425 0.1666666 0.2553191 0.3333333 0.2553191 0.25 0.2340425 0.25 0.2553191 0.4166666 0.2553191 0.3333333 0.2340425 0.3333333 0.2553191 0.5 0.2553191 0.4166666 0.2340425 0.4166666 0.2553191 0.5833333 0.2553191 0.5 0.2340425 0.5 0.2340425 0.6666667 0.2553191 0.6666667 0.2553191 0.5833333 0.2553191 0.75 0.2553191 0.6666667 0.2340425 0.6666667 0.2553191 0.8333333 0.2553191 0.75 0.2340425 0.75 0.2553191 0.9166667 0.2553191 0.8333333 0.2340425 0.8333333 0.2765957 1 0.2765957 0.9166667 0.2553191 0.9166667 0.2765957 0.08333331 0.2765957 0 0.2553191 0 0.2765957 0.1666666 0.2765957 0.08333331 0.2553191 0.08333331 0.2765957 0.25 0.2765957 0.1666666 0.2553191 0.1666666 0.2765957 0.3333333 0.2765957 0.25 0.2553191 0.25 0.2765957 0.4166666 0.2765957 0.3333333 0.2553191 0.3333333 0.2765957 0.5 0.2765957 0.4166666 0.2553191 0.4166666 0.2765957 0.5833333 0.2765957 0.5 0.2553191 0.5 0.2765957 0.6666667 0.2765957 0.5833333 0.2553191 0.5833333 0.2765957 0.75 0.2765957 0.6666667 0.2553191 0.6666667 0.2765957 0.8333333 0.2765957 0.75 0.2553191 0.75 0.2765957 0.9166667 0.2765957 0.8333333 0.2553191 0.8333333 0.2978723 1 0.2978723 0.9166667 0.2765957 0.9166667 0.2978723 0.08333331 0.2978723 0 0.2765957 0 0.2978723 0.1666666 0.2978723 0.08333331 0.2765957 0.08333331 0.2978723 0.25 0.2978723 0.1666666 0.2765957 0.1666666 0.2978723 0.3333333 0.2978723 0.25 0.2765957 0.25 0.2978723 0.4166666 0.2978723 0.3333333 0.2765957 0.3333333 0.2978723 0.5 0.2978723 0.4166666 0.2765957 0.4166666 0.2978723 0.5833333 0.2978723 0.5 0.2765957 0.5 0.2978723 0.6666667 0.2978723 0.5833333 0.2765957 0.5833333 0.2978723 0.75 0.2978723 0.6666667 0.2765957 0.6666667 0.2978723 0.8333333 0.2978723 0.75 0.2765957 0.75 0.2978723 0.9166667 0.2978723 0.8333333 0.2765957 0.8333333 0.3191489 1 0.3191489 0.9166667 0.2978723 0.9166667 0.3191489 0.08333331 0.3191489 0 0.2978723 0 0.3191489 0.1666666 0.3191489 0.08333331 0.2978723 0.08333331 0.3191489 0.25 0.3191489 0.1666666 0.2978723 0.1666666 0.3191489 0.3333333 0.3191489 0.25 0.2978723 0.25 0.3191489 0.4166666 0.3191489 0.3333333 0.2978723 0.3333333 0.3191489 0.5 0.3191489 0.4166666 0.2978723 0.4166666 0.3191489 0.5833333 0.3191489 0.5 0.2978723 0.5 0.3191489 0.6666667 0.3191489 0.5833333 0.2978723 0.5833333 0.3191489 0.75 0.3191489 0.6666667 0.2978723 0.6666667 0.3191489 0.8333333 0.3191489 0.75 0.2978723 0.75 0.3191489 0.9166667 0.3191489 0.8333333 0.2978723 0.8333333 0.3404255 1 0.3404255 0.9166667 0.3191489 0.9166667 0.3404255 0.08333331 0.3404255 0 0.3191489 0 0.3404255 0.1666666 0.3404255 0.08333331 0.3191489 0.08333331 0.3404255 0.25 0.3404255 0.1666666 0.3191489 0.1666666 0.3404255 0.3333333 0.3404255 0.25 0.3191489 0.25 0.3191489 0.4166666 0.3404255 0.4166666 0.3404255 0.3333333 0.3404255 0.5 0.3404255 0.4166666 0.3191489 0.4166666 0.3404255 0.5833333 0.3404255 0.5 0.3191489 0.5 0.3404255 0.6666667 0.3404255 0.5833333 0.3191489 0.5833333 0.3404255 0.75 0.3404255 0.6666667 0.3191489 0.6666667 0.3404255 0.8333333 0.3404255 0.75 0.3191489 0.75 0.3404255 0.9166667 0.3404255 0.8333333 0.3191489 0.8333333 0.3617021 1 0.3617021 0.9166667 0.3404255 0.9166667 0.3617021 0.08333331 0.3617021 0 0.3404255 0 0.3617021 0.1666666 0.3617021 0.08333331 0.3404255 0.08333331 0.3617021 0.25 0.3617021 0.1666666 0.3404255 0.1666666 0.3617021 0.3333333 0.3617021 0.25 0.3404255 0.25 0.3617021 0.4166666 0.3617021 0.3333333 0.3404255 0.3333333 0.3617021 0.5 0.3617021 0.4166666 0.3404255 0.4166666 0.3617021 0.5833333 0.3617021 0.5 0.3404255 0.5 0.3617021 0.6666667 0.3617021 0.5833333 0.3404255 0.5833333 0.3617021 0.75 0.3617021 0.6666667 0.3404255 0.6666667 0.3617021 0.8333333 0.3617021 0.75 0.3404255 0.75 0.3617021 0.9166667 0.3617021 0.8333333 0.3404255 0.8333333 0.3617021 1 0.3829787 1 0.3829787 0.9166667 0.3829787 0.08333331 0.3829787 0 0.3617021 0 0.3829787 0.1666666 0.3829787 0.08333331 0.3617021 0.08333331 0.3829787 0.25 0.3829787 0.1666666 0.3617021 0.1666666 0.3829787 0.3333333 0.3829787 0.25 0.3617021 0.25 0.3829787 0.4166666 0.3829787 0.3333333 0.3617021 0.3333333 0.3829787 0.5 0.3829787 0.4166666 0.3617021 0.4166666 0.3829787 0.5833333 0.3829787 0.5 0.3617021 0.5 0.3829787 0.6666667 0.3829787 0.5833333 0.3617021 0.5833333 0.3617021 0.75 0.3829787 0.75 0.3829787 0.6666667 0.3829787 0.8333333 0.3829787 0.75 0.3617021 0.75 0.3829787 0.9166667 0.3829787 0.8333333 0.3617021 0.8333333 0.4042553 1 0.4042553 0.9166667 0.3829787 0.9166667 0.3829787 0.08333331 0.4042553 0.08333331 0.4042553 0 0.3829787 0.1666666 0.4042553 0.1666666 0.4042553 0.08333331 0.4042553 0.25 0.4042553 0.1666666 0.3829787 0.1666666 0.4042553 0.3333333 0.4042553 0.25 0.3829787 0.25 0.4042553 0.4166666 0.4042553 0.3333333 0.3829787 0.3333333 0.4042553 0.5 0.4042553 0.4166666 0.3829787 0.4166666 0.4042553 0.5833333 0.4042553 0.5 0.3829787 0.5 0.3829787 0.6666667 0.4042553 0.6666667 0.4042553 0.5833333 0.4042553 0.75 0.4042553 0.6666667 0.3829787 0.6666667 0.4042553 0.8333333 0.4042553 0.75 0.3829787 0.75 0.4042553 0.9166667 0.4042553 0.8333333 0.3829787 0.8333333 0.4255319 1 0.4255319 0.9166667 0.4042553 0.9166667 0.4255319 0.08333331 0.4255319 0 0.4042553 0 0.4255319 0.1666666 0.4255319 0.08333331 0.4042553 0.08333331 0.4255319 0.25 0.4255319 0.1666666 0.4042553 0.1666666 0.4255319 0.3333333 0.4255319 0.25 0.4042553 0.25 0.4255319 0.4166666 0.4255319 0.3333333 0.4042553 0.3333333 0.4255319 0.5 0.4255319 0.4166666 0.4042553 0.4166666 0.4255319 0.5833333 0.4255319 0.5 0.4042553 0.5 0.4255319 0.6666667 0.4255319 0.5833333 0.4042553 0.5833333 0.4255319 0.75 0.4255319 0.6666667 0.4042553 0.6666667 0.4255319 0.8333333 0.4255319 0.75 0.4042553 0.75 0.4255319 0.9166667 0.4255319 0.8333333 0.4042553 0.8333333 0.4468085 1 0.4468085 0.9166667 0.4255319 0.9166667 0.4468085 0.08333331 0.4468085 0 0.4255319 0 0.4468085 0.1666666 0.4468085 0.08333331 0.4255319 0.08333331 0.4468085 0.25 0.4468085 0.1666666 0.4255319 0.1666666 0.4468085 0.3333333 0.4468085 0.25 0.4255319 0.25 0.4468085 0.4166666 0.4468085 0.3333333 0.4255319 0.3333333 0.4468085 0.5 0.4468085 0.4166666 0.4255319 0.4166666 0.4468085 0.5833333 0.4468085 0.5 0.4255319 0.5 0.4468085 0.6666667 0.4468085 0.5833333 0.4255319 0.5833333 0.4468085 0.75 0.4468085 0.6666667 0.4255319 0.6666667 0.4468085 0.8333333 0.4468085 0.75 0.4255319 0.75 0.4468085 0.9166667 0.4468085 0.8333333 0.4255319 0.8333333 0.4680851 1 0.4680851 0.9166667 0.4468085 0.9166667 0.4680851 0.08333331 0.4680851 0 0.4468085 0 0.4680851 0.1666666 0.4680851 0.08333331 0.4468085 0.08333331 0.4680851 0.25 0.4680851 0.1666666 0.4468085 0.1666666 0.4680851 0.3333333 0.4680851 0.25 0.4468085 0.25 0.4680851 0.4166666 0.4680851 0.3333333 0.4468085 0.3333333 0.4680851 0.5 0.4680851 0.4166666 0.4468085 0.4166666 0.4680851 0.5833333 0.4680851 0.5 0.4468085 0.5 0.4680851 0.6666667 0.4680851 0.5833333 0.4468085 0.5833333 0.4680851 0.75 0.4680851 0.6666667 0.4468085 0.6666667 0.4680851 0.8333333 0.4680851 0.75 0.4468085 0.75 0.4680851 0.9166667 0.4680851 0.8333333 0.4468085 0.8333333 0.4680851 1 0.4893617 1 0.4893617 0.9166667 0.4893617 0.08333331 0.4893617 0 0.4680851 0 0.4893617 0.1666666 0.4893617 0.08333331 0.4680851 0.08333331 0.4893617 0.25 0.4893617 0.1666666 0.4680851 0.1666666 0.4893617 0.3333333 0.4893617 0.25 0.4680851 0.25 0.4893617 0.4166666 0.4893617 0.3333333 0.4680851 0.3333333 0.4893617 0.5 0.4893617 0.4166666 0.4680851 0.4166666 0.4680851 0.5833333 0.4893617 0.5833333 0.4893617 0.5 0.4893617 0.6666667 0.4893617 0.5833333 0.4680851 0.5833333 0.4893617 0.75 0.4893617 0.6666667 0.4680851 0.6666667 0.4893617 0.8333333 0.4893617 0.75 0.4680851 0.75 0.4893617 0.9166667 0.4893617 0.8333333 0.4680851 0.8333333 0.5106383 1 0.5106383 0.9166667 0.4893617 0.9166667 0.5106383 0.08333331 0.5106383 0 0.4893617 0 0.5106383 0.1666666 0.5106383 0.08333331 0.4893617 0.08333331 0.5106383 0.25 0.5106383 0.1666666 0.4893617 0.1666666 0.5106383 0.3333333 0.5106383 0.25 0.4893617 0.25 0.4893617 0.4166666 0.5106383 0.4166666 0.5106383 0.3333333 0.5106383 0.5 0.5106383 0.4166666 0.4893617 0.4166666 0.4893617 0.5833333 0.5106383 0.5833333 0.5106383 0.5 0.5106383 0.6666667 0.5106383 0.5833333 0.4893617 0.5833333 0.5106383 0.75 0.5106383 0.6666667 0.4893617 0.6666667 0.5106383 0.8333333 0.5106383 0.75 0.4893617 0.75 0.4893617 0.9166667 0.5106383 0.9166667 0.5106383 0.8333333 0.5319149 1 0.5319149 0.9166667 0.5106383 0.9166667 0.5319149 0.08333331 0.5319149 0 0.5106383 0 0.5319149 0.1666666 0.5319149 0.08333331 0.5106383 0.08333331 0.5319149 0.25 0.5319149 0.1666666 0.5106383 0.1666666 0.5319149 0.3333333 0.5319149 0.25 0.5106383 0.25 0.5319149 0.4166666 0.5319149 0.3333333 0.5106383 0.3333333 0.5319149 0.5 0.5319149 0.4166666 0.5106383 0.4166666 0.5319149 0.5833333 0.5319149 0.5 0.5106383 0.5 0.5319149 0.6666667 0.5319149 0.5833333 0.5106383 0.5833333 0.5319149 0.75 0.5319149 0.6666667 0.5106383 0.6666667 0.5319149 0.8333333 0.5319149 0.75 0.5106383 0.75 0.5319149 0.9166667 0.5319149 0.8333333 0.5106383 0.8333333 0.5531915 1 0.5531915 0.9166667 0.5319149 0.9166667 0.5531915 0.08333331 0.5531915 0 0.5319149 0 0.5531915 0.1666666 0.5531915 0.08333331 0.5319149 0.08333331 0.5319149 0.25 0.5531915 0.25 0.5531915 0.1666666 0.5531915 0.3333333 0.5531915 0.25 0.5319149 0.25 0.5531915 0.4166666 0.5531915 0.3333333 0.5319149 0.3333333 0.5531915 0.5 0.5531915 0.4166666 0.5319149 0.4166666 0.5531915 0.5833333 0.5531915 0.5 0.5319149 0.5 0.5531915 0.6666667 0.5531915 0.5833333 0.5319149 0.5833333 0.5531915 0.75 0.5531915 0.6666667 0.5319149 0.6666667 0.5531915 0.8333333 0.5531915 0.75 0.5319149 0.75 0.5531915 0.9166667 0.5531915 0.8333333 0.5319149 0.8333333 0.5744681 1 0.5744681 0.9166667 0.5531915 0.9166667 0.5744681 0.08333331 0.5744681 0 0.5531915 0 0.5744681 0.1666666 0.5744681 0.08333331 0.5531915 0.08333331 0.5744681 0.25 0.5744681 0.1666666 0.5531915 0.1666666 0.5744681 0.3333333 0.5744681 0.25 0.5531915 0.25 0.5744681 0.4166666 0.5744681 0.3333333 0.5531915 0.3333333 0.5744681 0.5 0.5744681 0.4166666 0.5531915 0.4166666 0.5744681 0.5833333 0.5744681 0.5 0.5531915 0.5 0.5744681 0.6666667 0.5744681 0.5833333 0.5531915 0.5833333 0.5744681 0.75 0.5744681 0.6666667 0.5531915 0.6666667 0.5744681 0.8333333 0.5744681 0.75 0.5531915 0.75 0.5744681 0.9166667 0.5744681 0.8333333 0.5531915 0.8333333 0.5957447 1 0.5957447 0.9166667 0.5744681 0.9166667 0.5957447 0.08333331 0.5957447 0 0.5744681 0 0.5957447 0.1666666 0.5957447 0.08333331 0.5744681 0.08333331 0.5957447 0.25 0.5957447 0.1666666 0.5744681 0.1666666 0.5957447 0.3333333 0.5957447 0.25 0.5744681 0.25 0.5957447 0.4166666 0.5957447 0.3333333 0.5744681 0.3333333 0.5957447 0.5 0.5957447 0.4166666 0.5744681 0.4166666 0.5957447 0.5833333 0.5957447 0.5 0.5744681 0.5 0.5957447 0.6666667 0.5957447 0.5833333 0.5744681 0.5833333 0.5957447 0.75 0.5957447 0.6666667 0.5744681 0.6666667 0.5957447 0.8333333 0.5957447 0.75 0.5744681 0.75 0.5957447 0.9166667 0.5957447 0.8333333 0.5744681 0.8333333 0.6170213 1 0.6170213 0.9166667 0.5957447 0.9166667 0.5957447 0.08333331 0.6170213 0.08333331 0.6170213 0 0.5957447 0.1666666 0.6170213 0.1666666 0.6170213 0.08333331 0.6170213 0.25 0.6170213 0.1666666 0.5957447 0.1666666 0.6170213 0.3333333 0.6170213 0.25 0.5957447 0.25 0.6170213 0.4166666 0.6170213 0.3333333 0.5957447 0.3333333 0.6170213 0.5 0.6170213 0.4166666 0.5957447 0.4166666 0.5957447 0.5833333 0.6170213 0.5833333 0.6170213 0.5 0.5957447 0.6666667 0.6170213 0.6666667 0.6170213 0.5833333 0.6170213 0.75 0.6170213 0.6666667 0.5957447 0.6666667 0.6170213 0.8333333 0.6170213 0.75 0.5957447 0.75 0.6170213 0.9166667 0.6170213 0.8333333 0.5957447 0.8333333 0.6382979 1 0.6382979 0.9166667 0.6170213 0.9166667 0.6382979 0.08333331 0.6382979 0 0.6170213 0 0.6382979 0.1666666 0.6382979 0.08333331 0.6170213 0.08333331 0.6382979 0.25 0.6382979 0.1666666 0.6170213 0.1666666 0.6382979 0.3333333 0.6382979 0.25 0.6170213 0.25 0.6382979 0.4166666 0.6382979 0.3333333 0.6170213 0.3333333 0.6382979 0.5 0.6382979 0.4166666 0.6170213 0.4166666 0.6382979 0.5833333 0.6382979 0.5 0.6170213 0.5 0.6382979 0.6666667 0.6382979 0.5833333 0.6170213 0.5833333 0.6382979 0.75 0.6382979 0.6666667 0.6170213 0.6666667 0.6382979 0.8333333 0.6382979 0.75 0.6170213 0.75 0.6382979 0.9166667 0.6382979 0.8333333 0.6170213 0.8333333 0.6595745 1 0.6595745 0.9166667 0.6382979 0.9166667 0.6595745 0.08333331 0.6595745 0 0.6382979 0 0.6595745 0.1666666 0.6595745 0.08333331 0.6382979 0.08333331 0.6595745 0.25 0.6595745 0.1666666 0.6382979 0.1666666 0.6595745 0.3333333 0.6595745 0.25 0.6382979 0.25 0.6595745 0.4166666 0.6595745 0.3333333 0.6382979 0.3333333 0.6595745 0.5 0.6595745 0.4166666 0.6382979 0.4166666 0.6595745 0.5833333 0.6595745 0.5 0.6382979 0.5 0.6595745 0.6666667 0.6595745 0.5833333 0.6382979 0.5833333 0.6595745 0.75 0.6595745 0.6666667 0.6382979 0.6666667 0.6595745 0.8333333 0.6595745 0.75 0.6382979 0.75 0.6595745 0.9166667 0.6595745 0.8333333 0.6382979 0.8333333 0.6808511 1 0.6808511 0.9166667 0.6595745 0.9166667 0.6808511 0.08333331 0.6808511 0 0.6595745 0 0.6808511 0.1666666 0.6808511 0.08333331 0.6595745 0.08333331 0.6808511 0.25 0.6808511 0.1666666 0.6595745 0.1666666 0.6808511 0.3333333 0.6808511 0.25 0.6595745 0.25 0.6808511 0.4166666 0.6808511 0.3333333 0.6595745 0.3333333 0.6808511 0.5 0.6808511 0.4166666 0.6595745 0.4166666 0.6808511 0.5833333 0.6808511 0.5 0.6595745 0.5 0.6808511 0.6666667 0.6808511 0.5833333 0.6595745 0.5833333 0.6808511 0.75 0.6808511 0.6666667 0.6595745 0.6666667 0.6808511 0.8333333 0.6808511 0.75 0.6595745 0.75 0.6808511 0.9166667 0.6808511 0.8333333 0.6595745 0.8333333 0.7021276 1 0.7021276 0.9166667 0.6808511 0.9166667 0.7021276 0.08333331 0.7021276 0 0.6808511 0 0.7021276 0.1666666 0.7021276 0.08333331 0.6808511 0.08333331 0.7021276 0.25 0.7021276 0.1666666 0.6808511 0.1666666 0.7021276 0.3333333 0.7021276 0.25 0.6808511 0.25 0.7021276 0.4166666 0.7021276 0.3333333 0.6808511 0.3333333 0.7021276 0.5 0.7021276 0.4166666 0.6808511 0.4166666 0.7021276 0.5833333 0.7021276 0.5 0.6808511 0.5 0.7021276 0.6666667 0.7021276 0.5833333 0.6808511 0.5833333 0.7021276 0.75 0.7021276 0.6666667 0.6808511 0.6666667 0.7021276 0.8333333 0.7021276 0.75 0.6808511 0.75 0.7021276 0.9166667 0.7021276 0.8333333 0.6808511 0.8333333 0.7234042 1 0.7234042 0.9166667 0.7021276 0.9166667 0.7234042 0.08333331 0.7234042 0 0.7021276 0 0.7234042 0.1666666 0.7234042 0.08333331 0.7021276 0.08333331 0.7234042 0.25 0.7234042 0.1666666 0.7021276 0.1666666 0.7234042 0.3333333 0.7234042 0.25 0.7021276 0.25 0.7234042 0.4166666 0.7234042 0.3333333 0.7021276 0.3333333 0.7234042 0.5 0.7234042 0.4166666 0.7021276 0.4166666 0.7234042 0.5833333 0.7234042 0.5 0.7021276 0.5 0.7234042 0.6666667 0.7234042 0.5833333 0.7021276 0.5833333 0.7234042 0.75 0.7234042 0.6666667 0.7021276 0.6666667 0.7234042 0.8333333 0.7234042 0.75 0.7021276 0.75 0.7234042 0.9166667 0.7234042 0.8333333 0.7021276 0.8333333 0.7446808 1 0.7446808 0.9166667 0.7234042 0.9166667 0.7446808 0.08333331 0.7446808 0 0.7234042 0 0.7446808 0.1666666 0.7446808 0.08333331 0.7234042 0.08333331 0.7446808 0.25 0.7446808 0.1666666 0.7234042 0.1666666 0.7446808 0.3333333 0.7446808 0.25 0.7234042 0.25 0.7446808 0.4166666 0.7446808 0.3333333 0.7234042 0.3333333 0.7446808 0.5 0.7446808 0.4166666 0.7234042 0.4166666 0.7446808 0.5833333 0.7446808 0.5 0.7234042 0.5 0.7446808 0.6666667 0.7446808 0.5833333 0.7234042 0.5833333 0.7446808 0.75 0.7446808 0.6666667 0.7234042 0.6666667 0.7446808 0.8333333 0.7446808 0.75 0.7234042 0.75 0.7446808 0.9166667 0.7446808 0.8333333 0.7234042 0.8333333 0.7659575 1 0.7659575 0.9166667 0.7446808 0.9166667 0.7659575 0.08333331 0.7659575 0 0.7446808 0 0.7659575 0.1666666 0.7659575 0.08333331 0.7446808 0.08333331 0.7659575 0.25 0.7659575 0.1666666 0.7446808 0.1666666 0.7659575 0.3333333 0.7659575 0.25 0.7446808 0.25 0.7659575 0.4166666 0.7659575 0.3333333 0.7446808 0.3333333 0.7659575 0.5 0.7659575 0.4166666 0.7446808 0.4166666 0.7659575 0.5833333 0.7659575 0.5 0.7446808 0.5 0.7659575 0.6666667 0.7659575 0.5833333 0.7446808 0.5833333 0.7659575 0.75 0.7659575 0.6666667 0.7446808 0.6666667 0.7659575 0.8333333 0.7659575 0.75 0.7446808 0.75 0.7659575 0.9166667 0.7659575 0.8333333 0.7446808 0.8333333 0.7872341 1 0.7872341 0.9166667 0.7659575 0.9166667 0.7872341 0.08333331 0.7872341 0 0.7659575 0 0.7872341 0.1666666 0.7872341 0.08333331 0.7659575 0.08333331 0.7872341 0.25 0.7872341 0.1666666 0.7659575 0.1666666 0.7872341 0.3333333 0.7872341 0.25 0.7659575 0.25 0.7872341 0.4166666 0.7872341 0.3333333 0.7659575 0.3333333 0.7872341 0.5 0.7872341 0.4166666 0.7659575 0.4166666 0.7872341 0.5833333 0.7872341 0.5 0.7659575 0.5 0.7872341 0.6666667 0.7872341 0.5833333 0.7659575 0.5833333 0.7872341 0.75 0.7872341 0.6666667 0.7659575 0.6666667 0.7872341 0.8333333 0.7872341 0.75 0.7659575 0.75 0.7872341 0.9166667 0.7872341 0.8333333 0.7659575 0.8333333 0.8085107 1 0.8085107 0.9166667 0.7872341 0.9166667 0.8085107 0.08333331 0.8085107 0 0.7872341 0 0.8085107 0.1666666 0.8085107 0.08333331 0.7872341 0.08333331 0.8085107 0.25 0.8085107 0.1666666 0.7872341 0.1666666 0.8085107 0.3333333 0.8085107 0.25 0.7872341 0.25 0.8085107 0.4166666 0.8085107 0.3333333 0.7872341 0.3333333 0.8085107 0.5 0.8085107 0.4166666 0.7872341 0.4166666 0.8085107 0.5833333 0.8085107 0.5 0.7872341 0.5 0.8085107 0.6666667 0.8085107 0.5833333 0.7872341 0.5833333 0.8085107 0.75 0.8085107 0.6666667 0.7872341 0.6666667 0.8085107 0.8333333 0.8085107 0.75 0.7872341 0.75 0.8085107 0.9166667 0.8085107 0.8333333 0.7872341 0.8333333 0.8297873 1 0.8297873 0.9166667 0.8085107 0.9166667 0.8297873 0.08333331 0.8297873 0 0.8085107 0 0.8297873 0.1666666 0.8297873 0.08333331 0.8085107 0.08333331 0.8297873 0.25 0.8297873 0.1666666 0.8085107 0.1666666 0.8297873 0.3333333 0.8297873 0.25 0.8085107 0.25 0.8297873 0.4166666 0.8297873 0.3333333 0.8085107 0.3333333 0.8297873 0.5 0.8297873 0.4166666 0.8085107 0.4166666 0.8297873 0.5833333 0.8297873 0.5 0.8085107 0.5 0.8297873 0.6666667 0.8297873 0.5833333 0.8085107 0.5833333 0.8297873 0.75 0.8297873 0.6666667 0.8085107 0.6666667 0.8297873 0.8333333 0.8297873 0.75 0.8085107 0.75 0.8297873 0.9166667 0.8297873 0.8333333 0.8085107 0.8333333 0.8510639 1 0.8510639 0.9166667 0.8297873 0.9166667 0.8510639 0.08333331 0.8510639 0 0.8297873 0 0.8510639 0.1666666 0.8510639 0.08333331 0.8297873 0.08333331 0.8510639 0.25 0.8510639 0.1666666 0.8297873 0.1666666 0.8510639 0.3333333 0.8510639 0.25 0.8297873 0.25 0.8510639 0.4166666 0.8510639 0.3333333 0.8297873 0.3333333 0.8510639 0.5 0.8510639 0.4166666 0.8297873 0.4166666 0.8510639 0.5833333 0.8510639 0.5 0.8297873 0.5 0.8510639 0.6666667 0.8510639 0.5833333 0.8297873 0.5833333 0.8510639 0.75 0.8510639 0.6666667 0.8297873 0.6666667 0.8510639 0.8333333 0.8510639 0.75 0.8297873 0.75 0.8510639 0.9166667 0.8510639 0.8333333 0.8297873 0.8333333 0.8723405 1 0.8723405 0.9166667 0.8510639 0.9166667 0.8510639 0.08333331 0.8723405 0.08333331 0.8723405 0 0.8510639 0.1666666 0.8723405 0.1666666 0.8723405 0.08333331 0.8510639 0.25 0.8723405 0.25 0.8723405 0.1666666 0.8723405 0.3333333 0.8723405 0.25 0.8510639 0.25 0.8723405 0.4166666 0.8723405 0.3333333 0.8510639 0.3333333 0.8723405 0.5 0.8723405 0.4166666 0.8510639 0.4166666 0.8510639 0.5833333 0.8723405 0.5833333 0.8723405 0.5 0.8723405 0.6666667 0.8723405 0.5833333 0.8510639 0.5833333 0.8723405 0.75 0.8723405 0.6666667 0.8510639 0.6666667 0.8723405 0.8333333 0.8723405 0.75 0.8510639 0.75 0.8510639 0.9166667 0.8723405 0.9166667 0.8723405 0.8333333 0.8723405 1 0.893617 1 0.893617 0.9166667 0.8723405 0.08333331 0.893617 0.08333331 0.893617 0 0.893617 0.1666666 0.893617 0.08333331 0.8723405 0.08333331 0.893617 0.25 0.893617 0.1666666 0.8723405 0.1666666 0.893617 0.3333333 0.893617 0.25 0.8723405 0.25 0.893617 0.4166666 0.893617 0.3333333 0.8723405 0.3333333 0.893617 0.5 0.893617 0.4166666 0.8723405 0.4166666 0.8723405 0.5833333 0.893617 0.5833333 0.893617 0.5 0.893617 0.6666667 0.893617 0.5833333 0.8723405 0.5833333 0.893617 0.75 0.893617 0.6666667 0.8723405 0.6666667 0.893617 0.8333333 0.893617 0.75 0.8723405 0.75 0.893617 0.9166667 0.893617 0.8333333 0.8723405 0.8333333 0.9148936 1 0.9148936 0.9166667 0.893617 0.9166667 0.9148936 0.08333331 0.9148936 0 0.893617 0 0.9148936 0.1666666 0.9148936 0.08333331 0.893617 0.08333331 0.9148936 0.25 0.9148936 0.1666666 0.893617 0.1666666 0.9148936 0.3333333 0.9148936 0.25 0.893617 0.25 0.9148936 0.4166666 0.9148936 0.3333333 0.893617 0.3333333 0.9148936 0.5 0.9148936 0.4166666 0.893617 0.4166666 0.9148936 0.5833333 0.9148936 0.5 0.893617 0.5 0.9148936 0.6666667 0.9148936 0.5833333 0.893617 0.5833333 0.9148936 0.75 0.9148936 0.6666667 0.893617 0.6666667 0.9148936 0.8333333 0.9148936 0.75 0.893617 0.75 0.9148936 0.9166667 0.9148936 0.8333333 0.893617 0.8333333 0.9361702 1 0.9361702 0.9166667 0.9148936 0.9166667 0.9361702 0.08333331 0.9361702 0 0.9148936 0 0.9361702 0.1666666 0.9361702 0.08333331 0.9148936 0.08333331 0.9361702 0.25 0.9361702 0.1666666 0.9148936 0.1666666 0.9361702 0.3333333 0.9361702 0.25 0.9148936 0.25 0.9361702 0.4166666 0.9361702 0.3333333 0.9148936 0.3333333 0.9361702 0.5 0.9361702 0.4166666 0.9148936 0.4166666 0.9361702 0.5833333 0.9361702 0.5 0.9148936 0.5 0.9361702 0.6666667 0.9361702 0.5833333 0.9148936 0.5833333 0.9361702 0.75 0.9361702 0.6666667 0.9148936 0.6666667 0.9361702 0.8333333 0.9361702 0.75 0.9148936 0.75 0.9361702 0.9166667 0.9361702 0.8333333 0.9148936 0.8333333 0.9574468 1 0.9574468 0.9166667 0.9361702 0.9166667 0.9574468 0.08333331 0.9574468 0 0.9361702 0 0.9574468 0.1666666 0.9574468 0.08333331 0.9361702 0.08333331 0.9574468 0.25 0.9574468 0.1666666 0.9361702 0.1666666 0.9574468 0.3333333 0.9574468 0.25 0.9361702 0.25 0.9574468 0.4166666 0.9574468 0.3333333 0.9361702 0.3333333 0.9574468 0.5 0.9574468 0.4166666 0.9361702 0.4166666 0.9574468 0.5833333 0.9574468 0.5 0.9361702 0.5 0.9574468 0.6666667 0.9574468 0.5833333 0.9361702 0.5833333 0.9574468 0.75 0.9574468 0.6666667 0.9361702 0.6666667 0.9574468 0.8333333 0.9574468 0.75 0.9361702 0.75 0.9574468 0.9166667 0.9574468 0.8333333 0.9361702 0.8333333 0.9787234 1 0.9787234 0.9166667 0.9574468 0.9166667 0.9787234 0.08333331 0.9787234 0 0.9574468 0 0.9787234 0.1666666 0.9787234 0.08333331 0.9574468 0.08333331 0.9787234 0.25 0.9787234 0.1666666 0.9574468 0.1666666 0.9787234 0.3333333 0.9787234 0.25 0.9574468 0.25 0.9787234 0.4166666 0.9787234 0.3333333 0.9574468 0.3333333 0.9787234 0.5 0.9787234 0.4166666 0.9574468 0.4166666 0.9787234 0.5833333 0.9787234 0.5 0.9574468 0.5 0.9787234 0.6666667 0.9787234 0.5833333 0.9574468 0.5833333 0.9787234 0.75 0.9787234 0.6666667 0.9574468 0.6666667 0.9787234 0.8333333 0.9787234 0.75 0.9574468 0.75 0.9787234 0.9166667 0.9787234 0.8333333 0.9574468 0.8333333 1 1 1 0.9166667 0.9787234 0.9166667 1 0.08333331 1 0 0.9787234 0 1 0.1666666 1 0.08333331 0.9787234 0.08333331 1 0.25 1 0.1666666 0.9787234 0.1666666 1 0.3333333 1 0.25 0.9787234 0.25 1 0.4166666 1 0.3333333 0.9787234 0.3333333 1 0.5 1 0.4166666 0.9787234 0.4166666 1 0.5833333 1 0.5 0.9787234 0.5 1 0.6666667 1 0.5833333 0.9787234 0.5833333 1 0.75 1 0.6666667 0.9787234 0.6666667 1 0.8333333 1 0.75 0.9787234 0.75 1 0.9166667 1 0.8333333 0.9787234 0.8333333</float_array>
          <technique_common>
            <accessor source="#NurbsPath-mesh-map-0-array" count="3384" stride="2">
              <param name="S" type="float"/>
              <param name="T" type="float"/>
            </accessor>
          </technique_common>
        </source>
        <vertices id="NurbsPath-mesh-vertices">
          <input semantic="POSITION" source="#NurbsPath-mesh-positions"/>
        </vertices>
        <triangles material="Material_006-material" count="1128">
          <input semantic="VERTEX" source="#NurbsPath-mesh-vertices" offset="0"/>
          <input semantic="NORMAL" source="#NurbsPath-mesh-normals" offset="1"/>
          <input semantic="TEXCOORD" source="#NurbsPath-mesh-map-0" offset="2" set="0"/>
          <p>12 0 0 11 1 1 0 2 2 13 3 3 0 2 4 1 4 5 2 5 6 13 3 7 1 4 8 15 6 9 2 5 10 3 7 11 16 8 12 3 7 13 4 9 14 17 10 15 4 9 16 5 11 17 18 12 18 5 11 19 6 13 20 19 14 21 6 13 22 7 15 23 20 16 24 7 15 25 8 17 26 9 18 27 20 16 28 8 17 29 22 19 30 9 18 31 10 20 32 23 21 33 10 20 34 11 1 35 12 0 36 35 22 37 23 21 38 13 3 39 24 23 40 12 0 41 26 24 42 13 3 43 14 25 44 27 26 45 14 25 46 15 6 47 28 27 48 15 6 49 16 8 50 29 28 51 16 8 52 17 10 53 30 29 54 17 10 55 18 12 56 19 14 57 30 29 58 18 12 59 20 16 60 31 30 61 19 14 62 21 31 63 32 32 64 20 16 65 34 33 66 21 31 67 22 19 68 35 22 69 22 19 70 23 21 71 36 34 72 35 22 73 24 23 74 37 35 75 24 23 76 25 36 77 38 37 78 25 36 79 26 24 80 39 38 81 26 24 82 27 26 83 40 39 84 27 26 85 28 27 86 41 40 87 28 27 88 29 28 89 42 41 90 29 28 91 30 29 92 43 42 93 30 29 94 31 30 95 44 43 96 31 30 97 32 32 98 45 44 99 32 32 100 33 45 101 46 46 102 33 45 103 34 33 104 47 47 105 34 33 106 35 22 107 48 48 108 47 47 109 36 34 110 49 49 111 36 34 112 37 35 113 38 37 114 49 49 115 37 35 116 51 50 117 38 37 118 39 38 119 40 39 120 51 50 121 39 38 122 53 51 123 40 39 124 41 40 125 54 52 126 41 40 127 42 41 128 55 53 129 42 41 130 43 42 131 56 54 132 43 42 133 44 43 134 45 44 135 56 54 136 44 43 137 58 55 138 45 44 139 46 46 140 59 56 141 46 46 142 47 47 143 48 48 144 71 57 145 59 56 146 49 49 147 60 58 148 48 48 149 62 59 150 49 49 151 50 60 152 63 61 153 50 60 154 51 50 155 64 62 156 51 50 157 52 63 158 65 64 159 52 63 160 53 51 161 66 65 162 53 51 163 54 52 164 55 53 165 66 65 166 54 52 167 68 66 168 55 53 169 56 54 170 69 67 171 56 54 172 57 68 173 70 69 174 57 68 175 58 55 176 71 57 177 58 55 178 59 56 179 72 70 180 71 57 181 60 58 182 73 71 183 60 58 184 61 72 185 74 73 186 61 72 187 62 59 188 63 61 189 74 73 190 62 59 191 76 74 192 63 61 193 64 62 194 77 75 195 64 62 196 65 64 197 66 65 198 77 75 199 65 64 200 79 76 201 66 65 202 67 77 203 80 78 204 67 77 205 68 66 206 81 79 207 68 66 208 69 67 209 82 80 210 69 67 211 70 69 212 83 81 213 70 69 214 71 57 215 84 82 216 83 81 217 72 70 218 85 83 219 72 70 220 73 71 221 86 84 222 73 71 223 74 73 224 87 85 225 74 73 226 75 86 227 88 87 228 75 86 229 76 74 230 89 88 231 76 74 232 77 75 233 90 89 234 77 75 235 78 90 236 91 91 237 78 90 238 79 76 239 92 92 240 79 76 241 80 78 242 93 93 243 80 78 244 81 79 245 94 94 246 81 79 247 82 80 248 95 95 249 82 80 250 83 81 251 96 96 252 95 95 253 84 82 254 97 97 255 84 82 256 85 83 257 98 98 258 85 83 259 86 84 260 99 99 261 86 84 262 87 85 263 100 100 264 87 85 265 88 87 266 101 101 267 88 87 268 89 88 269 102 102 270 89 88 271 90 89 272 103 103 273 90 89 274 91 91 275 104 104 276 91 91 277 92 92 278 105 105 279 92 92 280 93 93 281 106 106 282 93 93 283 94 94 284 107 107 285 94 94 286 95 95 287 96 96 288 119 108 289 107 107 290 109 109 291 96 96 292 97 97 293 110 110 294 97 97 295 98 98 296 111 111 297 98 98 298 99 99 299 112 112 300 99 99 301 100 100 302 113 113 303 100 100 304 101 101 305 114 114 306 101 101 307 102 102 308 115 115 309 102 102 310 103 103 311 116 116 312 103 103 313 104 104 314 117 117 315 104 104 316 105 105 317 118 118 318 105 105 319 106 106 320 119 108 321 106 106 322 107 107 323 120 119 324 119 108 325 108 120 326 121 121 327 108 120 328 109 109 329 122 122 330 109 109 331 110 110 332 123 123 333 110 110 334 111 111 335 124 124 336 111 111 337 112 112 338 125 125 339 112 112 340 113 113 341 126 126 342 113 113 343 114 114 344 127 127 345 114 114 346 115 115 347 128 128 348 115 115 349 116 116 350 129 129 351 116 116 352 117 117 353 130 130 354 117 117 355 118 118 356 131 131 357 118 118 358 119 108 359 132 132 360 131 131 361 120 119 362 133 133 363 120 119 364 121 121 365 134 134 366 121 121 367 122 122 368 135 135 369 122 122 370 123 123 371 136 136 372 123 123 373 124 124 374 137 137 375 124 124 376 125 125 377 138 138 378 125 125 379 126 126 380 139 139 381 126 126 382 127 127 383 140 140 384 127 127 385 128 128 386 141 141 387 128 128 388 129 129 389 130 130 390 141 141 391 129 129 392 143 142 393 130 130 394 131 131 395 144 143 396 143 142 397 132 132 398 145 144 399 132 132 400 133 133 401 146 145 402 133 133 403 134 134 404 147 146 405 134 134 406 135 135 407 148 147 408 135 135 409 136 136 410 149 148 411 136 136 412 137 137 413 150 149 414 137 137 415 138 138 416 151 150 417 138 138 418 139 139 419 140 140 420 151 150 421 139 139 422 153 151 423 140 140 424 141 141 425 154 152 426 141 141 427 142 153 428 155 154 429 142 153 430 143 142 431 156 155 432 155 154 433 144 143 434 157 156 435 144 143 436 145 144 437 158 157 438 145 144 439 146 145 440 159 158 441 146 145 442 147 146 443 160 159 444 147 146 445 148 147 446 161 160 447 148 147 448 149 148 449 162 161 450 149 148 451 150 149 452 163 162 453 150 149 454 151 150 455 164 163 456 151 150 457 152 164 458 165 165 459 152 164 460 153 151 461 166 166 462 153 151 463 154 152 464 167 167 465 154 152 466 155 154 467 168 168 468 167 167 469 156 155 470 169 169 471 156 155 472 157 156 473 170 170 474 157 156 475 158 157 476 171 171 477 158 157 478 159 158 479 172 172 480 159 158 481 160 159 482 173 173 483 160 159 484 161 160 485 174 174 486 161 160 487 162 161 488 175 175 489 162 161 490 163 162 491 176 176 492 163 162 493 164 163 494 177 177 495 164 163 496 165 165 497 178 178 498 165 165 499 166 166 500 179 179 501 166 166 502 167 167 503 180 180 504 179 179 505 168 168 506 181 181 507 168 168 508 169 169 509 182 182 510 169 169 511 170 170 512 183 183 513 170 170 514 171 171 515 184 184 516 171 171 517 172 172 518 185 185 519 172 172 520 173 173 521 186 186 522 173 173 523 174 174 524 187 187 525 174 174 526 175 175 527 188 188 528 175 175 529 176 176 530 189 189 531 176 176 532 177 177 533 190 190 534 177 177 535 178 178 536 191 191 537 178 178 538 179 179 539 192 192 540 191 191 541 180 180 542 193 193 543 180 180 544 181 181 545 194 194 546 181 181 547 182 182 548 195 195 549 182 182 550 183 183 551 196 196 552 183 183 553 184 184 554 185 185 555 196 196 556 184 184 557 198 197 558 185 185 559 186 186 560 199 198 561 186 186 562 187 187 563 200 199 564 187 187 565 188 188 566 201 200 567 188 188 568 189 189 569 202 201 570 189 189 571 190 190 572 203 202 573 190 190 574 191 191 575 204 203 576 203 202 577 192 192 578 205 204 579 192 192 580 193 193 581 206 205 582 193 193 583 194 194 584 207 206 585 194 194 586 195 195 587 208 207 588 195 195 589 196 196 590 209 208 591 196 196 592 197 209 593 210 210 594 197 209 595 198 197 596 211 211 597 198 197 598 199 198 599 212 212 600 199 198 601 200 199 602 213 213 603 200 199 604 201 200 605 214 214 606 201 200 607 202 201 608 215 215 609 202 201 610 203 202 611 204 203 612 227 216 613 215 215 614 217 217 615 204 203 616 205 204 617 218 218 618 205 204 619 206 205 620 219 219 621 206 205 622 207 206 623 220 220 624 207 206 625 208 207 626 221 221 627 208 207 628 209 208 629 222 222 630 209 208 631 210 210 632 223 223 633 210 210 634 211 211 635 224 224 636 211 211 637 212 212 638 213 213 639 224 224 640 212 212 641 226 225 642 213 213 643 214 214 644 227 216 645 214 214 646 215 215 647 228 226 648 227 216 649 216 227 650 217 217 651 228 226 652 216 227 653 218 218 654 229 228 655 217 217 656 231 229 657 218 218 658 219 219 659 232 230 660 219 219 661 220 220 662 233 231 663 220 220 664 221 221 665 234 232 666 221 221 667 222 222 668 235 233 669 222 222 670 223 223 671 224 224 672 235 233 673 223 223 674 237 234 675 224 224 676 225 235 677 238 236 678 225 235 679 226 225 680 239 237 681 226 225 682 227 216 683 240 238 684 239 237 685 228 226 686 241 239 687 228 226 688 229 228 689 242 240 690 229 228 691 230 241 692 243 242 693 230 241 694 231 229 695 244 243 696 231 229 697 232 230 698 245 244 699 232 230 700 233 231 701 246 245 702 233 231 703 234 232 704 247 246 705 234 232 706 235 233 707 248 247 708 235 233 709 236 248 710 249 249 711 236 248 712 237 234 713 250 250 714 237 234 715 238 236 716 251 251 717 238 236 718 239 237 719 252 252 720 251 251 721 240 238 722 253 253 723 240 238 724 241 239 725 254 254 726 241 239 727 242 240 728 255 255 729 242 240 730 243 242 731 256 256 732 243 242 733 244 243 734 257 173 735 244 243 736 245 244 737 258 257 738 245 244 739 246 245 740 259 258 741 246 245 742 247 246 743 260 259 744 247 246 745 248 247 746 261 260 747 248 247 748 249 249 749 262 261 750 249 249 751 250 250 752 263 262 753 250 250 754 251 251 755 264 263 756 263 262 757 252 252 758 265 253 759 252 252 760 253 253 761 266 264 762 253 253 763 254 254 764 267 265 765 254 254 766 255 255 767 268 159 768 255 255 769 256 256 770 269 266 771 256 256 772 257 173 773 270 267 774 257 173 775 258 257 776 271 268 777 258 257 778 259 258 779 272 269 780 259 258 781 260 259 782 273 270 783 260 259 784 261 260 785 274 271 786 261 260 787 262 261 788 275 272 789 262 261 790 263 262 791 264 263 792 287 273 793 275 272 794 277 274 795 264 263 796 265 253 797 278 275 798 265 253 799 266 264 800 279 276 801 266 264 802 267 265 803 280 277 804 267 265 805 268 159 806 281 278 807 268 159 808 269 266 809 282 279 810 269 266 811 270 267 812 271 268 813 282 279 814 270 267 815 284 280 816 271 268 817 272 269 818 285 281 819 272 269 820 273 270 821 286 282 822 273 270 823 274 271 824 287 273 825 274 271 826 275 272 827 288 283 828 287 273 829 276 284 830 289 285 831 276 284 832 277 274 833 290 286 834 277 274 835 278 275 836 291 287 837 278 275 838 279 276 839 292 288 840 279 276 841 280 277 842 281 278 843 292 288 844 280 277 845 294 289 846 281 278 847 282 279 848 283 290 849 294 289 850 282 279 851 296 291 852 283 290 853 284 280 854 297 292 855 284 280 856 285 281 857 298 293 858 285 281 859 286 282 860 287 273 861 298 293 862 286 282 863 300 294 864 299 295 865 288 283 866 301 296 867 288 283 868 289 285 869 302 297 870 289 285 871 290 286 872 303 298 873 290 286 874 291 287 875 304 299 876 291 287 877 292 288 878 305 300 879 292 288 880 293 301 881 306 302 882 293 301 883 294 289 884 307 303 885 294 289 886 295 304 887 308 305 888 295 304 889 296 291 890 309 306 891 296 291 892 297 292 893 310 307 894 297 292 895 298 293 896 311 308 897 298 293 898 299 295 899 312 309 900 311 308 901 300 294 902 313 310 903 300 294 904 301 296 905 314 311 906 301 296 907 302 297 908 303 298 909 314 311 910 302 297 911 316 312 912 303 298 913 304 299 914 317 313 915 304 299 916 305 300 917 318 314 918 305 300 919 306 302 920 319 315 921 306 302 922 307 303 923 320 316 924 307 303 925 308 305 926 321 317 927 308 305 928 309 306 929 322 318 930 309 306 931 310 307 932 323 319 933 310 307 934 311 308 935 324 155 936 323 319 937 312 309 938 325 253 939 312 309 940 313 310 941 326 320 942 313 310 943 314 311 944 327 321 945 314 311 946 315 322 947 328 159 948 315 322 949 316 312 950 329 323 951 316 312 952 317 313 953 330 324 954 317 313 955 318 314 956 331 175 957 318 314 958 319 315 959 332 325 960 319 315 961 320 316 962 333 326 963 320 316 964 321 317 965 334 327 966 321 317 967 322 318 968 335 328 969 322 318 970 323 319 971 336 329 972 335 328 973 324 155 974 337 330 975 324 155 976 325 253 977 338 331 978 325 253 979 326 320 980 339 332 981 326 320 982 327 321 983 340 333 984 327 321 985 328 159 986 341 334 987 328 159 988 329 323 989 342 335 990 329 323 991 330 324 992 343 336 993 330 324 994 331 175 995 344 337 996 331 175 997 332 325 998 345 338 999 332 325 1000 333 326 1001 346 339 1002 333 326 1003 334 327 1004 347 340 1005 334 327 1006 335 328 1007 348 341 1008 347 340 1009 336 329 1010 337 330 1011 348 341 1012 336 329 1013 338 331 1014 349 342 1015 337 330 1016 351 343 1017 338 331 1018 339 332 1019 352 344 1020 339 332 1021 340 333 1022 353 345 1023 340 333 1024 341 334 1025 354 346 1026 341 334 1027 342 335 1028 343 336 1029 354 346 1030 342 335 1031 344 337 1032 355 347 1033 343 336 1034 357 348 1035 344 337 1036 345 338 1037 358 349 1038 345 338 1039 346 339 1040 359 350 1041 346 339 1042 347 340 1043 360 351 1044 359 350 1045 348 341 1046 361 352 1047 348 341 1048 349 342 1049 362 353 1050 349 342 1051 350 354 1052 363 321 1053 350 354 1054 351 343 1055 364 355 1056 351 343 1057 352 344 1058 365 356 1059 352 344 1060 353 345 1061 366 357 1062 353 345 1063 354 346 1064 367 358 1065 354 346 1066 355 347 1067 368 359 1068 355 347 1069 356 360 1070 369 177 1071 356 360 1072 357 348 1073 370 271 1074 357 348 1075 358 349 1076 371 361 1077 358 349 1078 359 350 1079 372 155 1080 371 361 1081 360 351 1082 373 362 1083 360 351 1084 361 352 1085 374 363 1086 361 352 1087 362 353 1088 375 364 1089 362 353 1090 363 321 1091 376 355 1092 363 321 1093 364 355 1094 377 266 1095 364 355 1096 365 356 1097 378 365 1098 365 356 1099 366 357 1100 379 366 1101 366 357 1102 367 358 1103 380 367 1104 367 358 1105 368 359 1106 381 177 1107 368 359 1108 369 177 1109 382 271 1110 369 177 1111 370 271 1112 383 368 1113 370 271 1114 371 361 1115 384 351 1116 383 368 1117 372 155 1118 385 253 1119 372 155 1120 373 362 1121 386 369 1122 373 362 1123 374 363 1124 387 364 1125 374 363 1126 375 364 1127 388 355 1128 375 364 1129 376 355 1130 389 370 1131 376 355 1132 377 266 1133 390 357 1134 377 266 1135 378 365 1136 391 366 1137 378 365 1138 379 366 1139 392 371 1140 379 366 1141 380 367 1142 393 372 1143 380 367 1144 381 177 1145 394 271 1146 381 177 1147 382 271 1148 395 368 1149 382 271 1150 383 368 1151 396 373 1152 395 368 1153 384 351 1154 397 374 1155 384 351 1156 385 253 1157 398 375 1158 385 253 1159 386 369 1160 399 265 1161 386 369 1162 387 364 1163 400 355 1164 387 364 1165 388 355 1166 401 376 1167 388 355 1168 389 370 1169 402 357 1170 389 370 1171 390 357 1172 403 366 1173 390 357 1174 391 366 1175 404 371 1176 391 366 1177 392 371 1178 405 177 1179 392 371 1180 393 372 1181 406 166 1182 393 372 1183 394 271 1184 407 377 1185 394 271 1186 395 368 1187 408 378 1188 407 377 1189 396 373 1190 409 379 1191 396 373 1192 397 374 1193 410 380 1194 397 374 1195 398 375 1196 411 381 1197 398 375 1198 399 265 1199 412 382 1200 399 265 1201 400 355 1202 413 383 1203 400 355 1204 401 376 1205 414 384 1206 401 376 1207 402 357 1208 415 385 1209 402 357 1210 403 366 1211 416 386 1212 403 366 1213 404 371 1214 417 387 1215 404 371 1216 405 177 1217 418 388 1218 405 177 1219 406 166 1220 419 389 1221 406 166 1222 407 377 1223 420 390 1224 419 389 1225 408 378 1226 421 391 1227 408 378 1228 409 379 1229 422 392 1230 409 379 1231 410 380 1232 423 393 1233 410 380 1234 411 381 1235 424 394 1236 411 381 1237 412 382 1238 425 395 1239 412 382 1240 413 383 1241 426 396 1242 413 383 1243 414 384 1244 427 397 1245 414 384 1246 415 385 1247 428 398 1248 415 385 1249 416 386 1250 429 399 1251 416 386 1252 417 387 1253 430 400 1254 417 387 1255 418 388 1256 431 401 1257 418 388 1258 419 389 1259 432 402 1260 431 401 1261 420 390 1262 433 403 1263 420 390 1264 421 391 1265 434 404 1266 421 391 1267 422 392 1268 435 405 1269 422 392 1270 423 393 1271 436 406 1272 423 393 1273 424 394 1274 437 407 1275 424 394 1276 425 395 1277 438 408 1278 425 395 1279 426 396 1280 439 409 1281 426 396 1282 427 397 1283 440 410 1284 427 397 1285 428 398 1286 441 411 1287 428 398 1288 429 399 1289 442 412 1290 429 399 1291 430 400 1292 443 413 1293 430 400 1294 431 401 1295 444 155 1296 443 413 1297 432 402 1298 445 414 1299 432 402 1300 433 403 1301 446 415 1302 433 403 1303 434 404 1304 447 171 1305 434 404 1306 435 405 1307 448 416 1308 435 405 1309 436 406 1310 449 370 1311 436 406 1312 437 407 1313 450 417 1314 437 407 1315 438 408 1316 451 418 1317 438 408 1318 439 409 1319 452 419 1320 439 409 1321 440 410 1322 453 420 1323 440 410 1324 441 411 1325 454 421 1326 441 411 1327 442 412 1328 455 368 1329 442 412 1330 443 413 1331 456 155 1332 455 368 1333 444 155 1334 457 422 1335 444 155 1336 445 414 1337 458 423 1338 445 414 1339 446 415 1340 459 171 1341 446 415 1342 447 171 1343 460 424 1344 447 171 1345 448 416 1346 461 425 1347 448 416 1348 449 370 1349 462 426 1350 449 370 1351 450 417 1352 463 427 1353 450 417 1354 451 418 1355 464 176 1356 451 418 1357 452 419 1358 465 428 1359 452 419 1360 453 420 1361 466 429 1362 453 420 1363 454 421 1364 467 368 1365 454 421 1366 455 368 1367 468 155 1368 467 368 1369 456 155 1370 469 430 1371 456 155 1372 457 422 1373 470 431 1374 457 422 1375 458 423 1376 471 171 1377 458 423 1378 459 171 1379 472 432 1380 459 171 1381 460 424 1382 473 433 1383 460 424 1384 461 425 1385 474 434 1386 461 425 1387 462 426 1388 475 435 1389 462 426 1390 463 427 1391 476 436 1392 463 427 1393 464 176 1394 477 437 1395 464 176 1396 465 428 1397 478 438 1398 465 428 1399 466 429 1400 479 439 1401 466 429 1402 467 368 1403 480 440 1404 479 439 1405 468 155 1406 481 441 1407 468 155 1408 469 430 1409 482 442 1410 469 430 1411 470 431 1412 483 443 1413 470 431 1414 471 171 1415 484 444 1416 471 171 1417 472 432 1418 485 445 1419 472 432 1420 473 433 1421 486 446 1422 473 433 1423 474 434 1424 487 447 1425 474 434 1426 475 435 1427 488 448 1428 475 435 1429 476 436 1430 489 449 1431 476 436 1432 477 437 1433 490 450 1434 477 437 1435 478 438 1436 491 451 1437 478 438 1438 479 439 1439 492 452 1440 491 451 1441 480 440 1442 481 441 1443 492 452 1444 480 440 1445 482 442 1446 493 453 1447 481 441 1448 483 443 1449 494 454 1450 482 442 1451 496 455 1452 483 443 1453 484 444 1454 497 456 1455 484 444 1456 485 445 1457 498 457 1458 485 445 1459 486 446 1460 487 447 1461 498 457 1462 486 446 1463 500 458 1464 487 447 1465 488 448 1466 501 459 1467 488 448 1468 489 449 1469 502 460 1470 489 449 1471 490 450 1472 491 451 1473 502 460 1474 490 450 1475 492 452 1476 515 461 1477 503 462 1478 493 453 1479 504 463 1480 492 452 1481 506 464 1482 493 453 1483 494 454 1484 507 465 1485 494 454 1486 495 466 1487 508 467 1488 495 466 1489 496 455 1490 509 468 1491 496 455 1492 497 456 1493 510 469 1494 497 456 1495 498 457 1496 499 470 1497 510 469 1498 498 457 1499 512 471 1500 499 470 1501 500 458 1502 513 472 1503 500 458 1504 501 459 1505 514 473 1506 501 459 1507 502 460 1508 515 461 1509 502 460 1510 503 462 1511 516 474 1512 515 461 1513 504 463 1514 517 475 1515 504 463 1516 505 476 1517 518 477 1518 505 476 1519 506 464 1520 519 364 1521 506 464 1522 507 465 1523 520 478 1524 507 465 1525 508 467 1526 521 479 1527 508 467 1528 509 468 1529 522 480 1530 509 468 1531 510 469 1532 523 358 1533 510 469 1534 511 481 1535 524 482 1536 511 481 1537 512 471 1538 525 483 1539 512 471 1540 513 472 1541 526 261 1542 513 472 1543 514 473 1544 527 484 1545 514 473 1546 515 461 1547 528 485 1548 527 484 1549 516 474 1550 529 486 1551 516 474 1552 517 475 1553 530 487 1554 517 475 1555 518 477 1556 531 488 1557 518 477 1558 519 364 1559 532 478 1560 519 364 1561 520 478 1562 533 489 1563 520 478 1564 521 479 1565 534 490 1566 521 479 1567 522 480 1568 535 491 1569 522 480 1570 523 358 1571 536 492 1572 523 358 1573 524 482 1574 537 493 1575 524 482 1576 525 483 1577 538 494 1578 525 483 1579 526 261 1580 539 495 1581 526 261 1582 527 484 1583 540 496 1584 539 495 1585 528 485 1586 541 497 1587 528 485 1588 529 486 1589 542 431 1590 529 486 1591 530 487 1592 543 498 1593 530 487 1594 531 488 1595 544 159 1596 531 488 1597 532 478 1598 545 499 1599 532 478 1600 533 489 1601 546 500 1602 533 489 1603 534 490 1604 547 501 1605 534 490 1606 535 491 1607 548 502 1608 535 491 1609 536 492 1610 549 503 1611 536 492 1612 537 493 1613 550 429 1614 537 493 1615 538 494 1616 551 504 1617 538 494 1618 539 495 1619 552 496 1620 551 504 1621 540 496 1622 553 497 1623 540 496 1624 541 497 1625 554 431 1626 541 497 1627 542 431 1628 555 364 1629 542 431 1630 543 498 1631 556 505 1632 543 498 1633 544 159 1634 557 506 1635 544 159 1636 545 499 1637 558 507 1638 545 499 1639 546 500 1640 559 435 1641 546 500 1642 547 501 1643 560 436 1644 547 501 1645 548 502 1646 561 508 1647 548 502 1648 549 503 1649 562 166 1650 549 503 1651 550 429 1652 563 504 1653 550 429 1654 551 504 1655 564 509 1656 563 504 1657 552 496 1658 565 510 1659 552 496 1660 553 497 1661 566 511 1662 553 497 1663 554 431 1664 567 512 1665 554 431 1666 555 364 1667 568 513 1668 555 364 1669 556 505 1670 569 514 1671 556 505 1672 557 506 1673 570 515 1674 557 506 1675 558 507 1676 571 516 1677 558 507 1678 559 435 1679 572 517 1680 559 435 1681 560 436 1682 573 518 1683 560 436 1684 561 508 1685 574 519 1686 561 508 1687 562 166 1688 575 520 1689 562 166 1690 563 504 1691 12 0 1692 23 21 1693 11 1 1694 13 3 1695 12 0 1696 0 2 1697 2 5 1698 14 25 1699 13 3 1700 15 6 1701 14 25 1702 2 5 1703 16 8 1704 15 6 1705 3 7 1706 17 10 1707 16 8 1708 4 9 1709 18 12 1710 17 10 1711 5 11 1712 19 14 1713 18 12 1714 6 13 1715 20 16 1716 19 14 1717 7 15 1718 9 18 1719 21 31 1720 20 16 1721 22 19 1722 21 31 1723 9 18 1724 23 21 1725 22 19 1726 10 20 1727 12 0 1728 24 23 1729 35 22 1730 13 3 1731 25 36 1732 24 23 1733 26 24 1734 25 36 1735 13 3 1736 27 26 1737 26 24 1738 14 25 1739 28 27 1740 27 26 1741 15 6 1742 29 28 1743 28 27 1744 16 8 1745 30 29 1746 29 28 1747 17 10 1748 19 14 1749 31 30 1750 30 29 1751 20 16 1752 32 32 1753 31 30 1754 21 31 1755 33 45 1756 32 32 1757 34 33 1758 33 45 1759 21 31 1760 35 22 1761 34 33 1762 22 19 1763 36 34 1764 47 47 1765 35 22 1766 37 35 1767 36 34 1768 24 23 1769 38 37 1770 37 35 1771 25 36 1772 39 38 1773 38 37 1774 26 24 1775 40 39 1776 39 38 1777 27 26 1778 41 40 1779 40 39 1780 28 27 1781 42 41 1782 41 40 1783 29 28 1784 43 42 1785 42 41 1786 30 29 1787 44 43 1788 43 42 1789 31 30 1790 45 44 1791 44 43 1792 32 32 1793 46 46 1794 45 44 1795 33 45 1796 47 47 1797 46 46 1798 34 33 1799 48 48 1800 59 56 1801 47 47 1802 49 49 1803 48 48 1804 36 34 1805 38 37 1806 50 60 1807 49 49 1808 51 50 1809 50 60 1810 38 37 1811 40 39 1812 52 63 1813 51 50 1814 53 51 1815 52 63 1816 40 39 1817 54 52 1818 53 51 1819 41 40 1820 55 53 1821 54 52 1822 42 41 1823 56 54 1824 55 53 1825 43 42 1826 45 44 1827 57 68 1828 56 54 1829 58 55 1830 57 68 1831 45 44 1832 59 56 1833 58 55 1834 46 46 1835 48 48 1836 60 58 1837 71 57 1838 49 49 1839 61 72 1840 60 58 1841 62 59 1842 61 72 1843 49 49 1844 63 61 1845 62 59 1846 50 60 1847 64 62 1848 63 61 1849 51 50 1850 65 64 1851 64 62 1852 52 63 1853 66 65 1854 65 64 1855 53 51 1856 55 53 1857 67 77 1858 66 65 1859 68 66 1860 67 77 1861 55 53 1862 69 67 1863 68 66 1864 56 54 1865 70 69 1866 69 67 1867 57 68 1868 71 57 1869 70 69 1870 58 55 1871 72 70 1872 83 81 1873 71 57 1874 73 71 1875 72 70 1876 60 58 1877 74 73 1878 73 71 1879 61 72 1880 63 61 1881 75 86 1882 74 73 1883 76 74 1884 75 86 1885 63 61 1886 77 75 1887 76 74 1888 64 62 1889 66 65 1890 78 90 1891 77 75 1892 79 76 1893 78 90 1894 66 65 1895 80 78 1896 79 76 1897 67 77 1898 81 79 1899 80 78 1900 68 66 1901 82 80 1902 81 79 1903 69 67 1904 83 81 1905 82 80 1906 70 69 1907 84 82 1908 95 95 1909 83 81 1910 85 83 1911 84 82 1912 72 70 1913 86 84 1914 85 83 1915 73 71 1916 87 85 1917 86 84 1918 74 73 1919 88 87 1920 87 85 1921 75 86 1922 89 88 1923 88 87 1924 76 74 1925 90 89 1926 89 88 1927 77 75 1928 91 91 1929 90 89 1930 78 90 1931 92 92 1932 91 91 1933 79 76 1934 93 93 1935 92 92 1936 80 78 1937 94 94 1938 93 93 1939 81 79 1940 95 95 1941 94 94 1942 82 80 1943 96 96 1944 107 107 1945 95 95 1946 97 97 1947 96 96 1948 84 82 1949 98 98 1950 97 97 1951 85 83 1952 99 99 1953 98 98 1954 86 84 1955 100 100 1956 99 99 1957 87 85 1958 101 101 1959 100 100 1960 88 87 1961 102 102 1962 101 101 1963 89 88 1964 103 103 1965 102 102 1966 90 89 1967 104 104 1968 103 103 1969 91 91 1970 105 105 1971 104 104 1972 92 92 1973 106 106 1974 105 105 1975 93 93 1976 107 107 1977 106 106 1978 94 94 1979 96 96 1980 108 120 1981 119 108 1982 109 109 1983 108 120 1984 96 96 1985 110 110 1986 109 109 1987 97 97 1988 111 111 1989 110 110 1990 98 98 1991 112 112 1992 111 111 1993 99 99 1994 113 113 1995 112 112 1996 100 100 1997 114 114 1998 113 113 1999 101 101 2000 115 115 2001 114 114 2002 102 102 2003 116 116 2004 115 115 2005 103 103 2006 117 117 2007 116 116 2008 104 104 2009 118 118 2010 117 117 2011 105 105 2012 119 108 2013 118 118 2014 106 106 2015 120 119 2016 131 131 2017 119 108 2018 121 121 2019 120 119 2020 108 120 2021 122 122 2022 121 121 2023 109 109 2024 123 123 2025 122 122 2026 110 110 2027 124 124 2028 123 123 2029 111 111 2030 125 125 2031 124 124 2032 112 112 2033 126 126 2034 125 125 2035 113 113 2036 127 127 2037 126 126 2038 114 114 2039 128 128 2040 127 127 2041 115 115 2042 129 129 2043 128 128 2044 116 116 2045 130 130 2046 129 129 2047 117 117 2048 131 131 2049 130 130 2050 118 118 2051 132 132 2052 143 142 2053 131 131 2054 133 133 2055 132 132 2056 120 119 2057 134 134 2058 133 133 2059 121 121 2060 135 135 2061 134 134 2062 122 122 2063 136 136 2064 135 135 2065 123 123 2066 137 137 2067 136 136 2068 124 124 2069 138 138 2070 137 137 2071 125 125 2072 139 139 2073 138 138 2074 126 126 2075 140 140 2076 139 139 2077 127 127 2078 141 141 2079 140 140 2080 128 128 2081 130 130 2082 142 153 2083 141 141 2084 143 142 2085 142 153 2086 130 130 2087 144 143 2088 155 154 2089 143 142 2090 145 144 2091 144 143 2092 132 132 2093 146 145 2094 145 144 2095 133 133 2096 147 146 2097 146 145 2098 134 134 2099 148 147 2100 147 146 2101 135 135 2102 149 148 2103 148 147 2104 136 136 2105 150 149 2106 149 148 2107 137 137 2108 151 150 2109 150 149 2110 138 138 2111 140 140 2112 152 164 2113 151 150 2114 153 151 2115 152 164 2116 140 140 2117 154 152 2118 153 151 2119 141 141 2120 155 154 2121 154 152 2122 142 153 2123 156 155 2124 167 167 2125 155 154 2126 157 156 2127 156 155 2128 144 143 2129 158 157 2130 157 156 2131 145 144 2132 159 158 2133 158 157 2134 146 145 2135 160 159 2136 159 158 2137 147 146 2138 161 160 2139 160 159 2140 148 147 2141 162 161 2142 161 160 2143 149 148 2144 163 162 2145 162 161 2146 150 149 2147 164 163 2148 163 162 2149 151 150 2150 165 165 2151 164 163 2152 152 164 2153 166 166 2154 165 165 2155 153 151 2156 167 167 2157 166 166 2158 154 152 2159 168 168 2160 179 179 2161 167 167 2162 169 169 2163 168 168 2164 156 155 2165 170 170 2166 169 169 2167 157 156 2168 171 171 2169 170 170 2170 158 157 2171 172 172 2172 171 171 2173 159 158 2174 173 173 2175 172 172 2176 160 159 2177 174 174 2178 173 173 2179 161 160 2180 175 175 2181 174 174 2182 162 161 2183 176 176 2184 175 175 2185 163 162 2186 177 177 2187 176 176 2188 164 163 2189 178 178 2190 177 177 2191 165 165 2192 179 179 2193 178 178 2194 166 166 2195 180 180 2196 191 191 2197 179 179 2198 181 181 2199 180 180 2200 168 168 2201 182 182 2202 181 181 2203 169 169 2204 183 183 2205 182 182 2206 170 170 2207 184 184 2208 183 183 2209 171 171 2210 185 185 2211 184 184 2212 172 172 2213 186 186 2214 185 185 2215 173 173 2216 187 187 2217 186 186 2218 174 174 2219 188 188 2220 187 187 2221 175 175 2222 189 189 2223 188 188 2224 176 176 2225 190 190 2226 189 189 2227 177 177 2228 191 191 2229 190 190 2230 178 178 2231 192 192 2232 203 202 2233 191 191 2234 193 193 2235 192 192 2236 180 180 2237 194 194 2238 193 193 2239 181 181 2240 195 195 2241 194 194 2242 182 182 2243 196 196 2244 195 195 2245 183 183 2246 185 185 2247 197 209 2248 196 196 2249 198 197 2250 197 209 2251 185 185 2252 199 198 2253 198 197 2254 186 186 2255 200 199 2256 199 198 2257 187 187 2258 201 200 2259 200 199 2260 188 188 2261 202 201 2262 201 200 2263 189 189 2264 203 202 2265 202 201 2266 190 190 2267 204 203 2268 215 215 2269 203 202 2270 205 204 2271 204 203 2272 192 192 2273 206 205 2274 205 204 2275 193 193 2276 207 206 2277 206 205 2278 194 194 2279 208 207 2280 207 206 2281 195 195 2282 209 208 2283 208 207 2284 196 196 2285 210 210 2286 209 208 2287 197 209 2288 211 211 2289 210 210 2290 198 197 2291 212 212 2292 211 211 2293 199 198 2294 213 213 2295 212 212 2296 200 199 2297 214 214 2298 213 213 2299 201 200 2300 215 215 2301 214 214 2302 202 201 2303 204 203 2304 216 227 2305 227 216 2306 217 217 2307 216 227 2308 204 203 2309 218 218 2310 217 217 2311 205 204 2312 219 219 2313 218 218 2314 206 205 2315 220 220 2316 219 219 2317 207 206 2318 221 221 2319 220 220 2320 208 207 2321 222 222 2322 221 221 2323 209 208 2324 223 223 2325 222 222 2326 210 210 2327 224 224 2328 223 223 2329 211 211 2330 213 213 2331 225 235 2332 224 224 2333 226 225 2334 225 235 2335 213 213 2336 227 216 2337 226 225 2338 214 214 2339 228 226 2340 239 237 2341 227 216 2342 217 217 2343 229 228 2344 228 226 2345 218 218 2346 230 241 2347 229 228 2348 231 229 2349 230 241 2350 218 218 2351 232 230 2352 231 229 2353 219 219 2354 233 231 2355 232 230 2356 220 220 2357 234 232 2358 233 231 2359 221 221 2360 235 233 2361 234 232 2362 222 222 2363 224 224 2364 236 248 2365 235 233 2366 237 234 2367 236 248 2368 224 224 2369 238 236 2370 237 234 2371 225 235 2372 239 237 2373 238 236 2374 226 225 2375 240 238 2376 251 251 2377 239 237 2378 241 239 2379 240 238 2380 228 226 2381 242 240 2382 241 239 2383 229 228 2384 243 242 2385 242 240 2386 230 241 2387 244 243 2388 243 242 2389 231 229 2390 245 244 2391 244 243 2392 232 230 2393 246 245 2394 245 244 2395 233 231 2396 247 246 2397 246 245 2398 234 232 2399 248 247 2400 247 246 2401 235 233 2402 249 249 2403 248 247 2404 236 248 2405 250 250 2406 249 249 2407 237 234 2408 251 251 2409 250 250 2410 238 236 2411 252 252 2412 263 262 2413 251 251 2414 253 253 2415 252 252 2416 240 238 2417 254 254 2418 253 253 2419 241 239 2420 255 255 2421 254 254 2422 242 240 2423 256 256 2424 255 255 2425 243 242 2426 257 173 2427 256 256 2428 244 243 2429 258 257 2430 257 173 2431 245 244 2432 259 258 2433 258 257 2434 246 245 2435 260 259 2436 259 258 2437 247 246 2438 261 260 2439 260 259 2440 248 247 2441 262 261 2442 261 260 2443 249 249 2444 263 262 2445 262 261 2446 250 250 2447 264 263 2448 275 272 2449 263 262 2450 265 253 2451 264 263 2452 252 252 2453 266 264 2454 265 253 2455 253 253 2456 267 265 2457 266 264 2458 254 254 2459 268 159 2460 267 265 2461 255 255 2462 269 266 2463 268 159 2464 256 256 2465 270 267 2466 269 266 2467 257 173 2468 271 268 2469 270 267 2470 258 257 2471 272 269 2472 271 268 2473 259 258 2474 273 270 2475 272 269 2476 260 259 2477 274 271 2478 273 270 2479 261 260 2480 275 272 2481 274 271 2482 262 261 2483 264 263 2484 276 284 2485 287 273 2486 277 274 2487 276 284 2488 264 263 2489 278 275 2490 277 274 2491 265 253 2492 279 276 2493 278 275 2494 266 264 2495 280 277 2496 279 276 2497 267 265 2498 281 278 2499 280 277 2500 268 159 2501 282 279 2502 281 278 2503 269 266 2504 271 268 2505 283 290 2506 282 279 2507 284 280 2508 283 290 2509 271 268 2510 285 281 2511 284 280 2512 272 269 2513 286 282 2514 285 281 2515 273 270 2516 287 273 2517 286 282 2518 274 271 2519 288 283 2520 299 295 2521 287 273 2522 289 285 2523 288 283 2524 276 284 2525 290 286 2526 289 285 2527 277 274 2528 291 287 2529 290 286 2530 278 275 2531 292 288 2532 291 287 2533 279 276 2534 281 278 2535 293 301 2536 292 288 2537 294 289 2538 293 301 2539 281 278 2540 283 290 2541 295 304 2542 294 289 2543 296 291 2544 295 304 2545 283 290 2546 297 292 2547 296 291 2548 284 280 2549 298 293 2550 297 292 2551 285 281 2552 287 273 2553 299 295 2554 298 293 2555 300 294 2556 311 308 2557 299 295 2558 301 296 2559 300 294 2560 288 283 2561 302 297 2562 301 296 2563 289 285 2564 303 298 2565 302 297 2566 290 286 2567 304 299 2568 303 298 2569 291 287 2570 305 300 2571 304 299 2572 292 288 2573 306 302 2574 305 300 2575 293 301 2576 307 303 2577 306 302 2578 294 289 2579 308 305 2580 307 303 2581 295 304 2582 309 306 2583 308 305 2584 296 291 2585 310 307 2586 309 306 2587 297 292 2588 311 308 2589 310 307 2590 298 293 2591 312 309 2592 323 319 2593 311 308 2594 313 310 2595 312 309 2596 300 294 2597 314 311 2598 313 310 2599 301 296 2600 303 298 2601 315 322 2602 314 311 2603 316 312 2604 315 322 2605 303 298 2606 317 313 2607 316 312 2608 304 299 2609 318 314 2610 317 313 2611 305 300 2612 319 315 2613 318 314 2614 306 302 2615 320 316 2616 319 315 2617 307 303 2618 321 317 2619 320 316 2620 308 305 2621 322 318 2622 321 317 2623 309 306 2624 323 319 2625 322 318 2626 310 307 2627 324 155 2628 335 328 2629 323 319 2630 325 253 2631 324 155 2632 312 309 2633 326 320 2634 325 253 2635 313 310 2636 327 321 2637 326 320 2638 314 311 2639 328 159 2640 327 321 2641 315 322 2642 329 323 2643 328 159 2644 316 312 2645 330 324 2646 329 323 2647 317 313 2648 331 175 2649 330 324 2650 318 314 2651 332 325 2652 331 175 2653 319 315 2654 333 326 2655 332 325 2656 320 316 2657 334 327 2658 333 326 2659 321 317 2660 335 328 2661 334 327 2662 322 318 2663 336 329 2664 347 340 2665 335 328 2666 337 330 2667 336 329 2668 324 155 2669 338 331 2670 337 330 2671 325 253 2672 339 332 2673 338 331 2674 326 320 2675 340 333 2676 339 332 2677 327 321 2678 341 334 2679 340 333 2680 328 159 2681 342 335 2682 341 334 2683 329 323 2684 343 336 2685 342 335 2686 330 324 2687 344 337 2688 343 336 2689 331 175 2690 345 338 2691 344 337 2692 332 325 2693 346 339 2694 345 338 2695 333 326 2696 347 340 2697 346 339 2698 334 327 2699 348 341 2700 359 350 2701 347 340 2702 337 330 2703 349 342 2704 348 341 2705 338 331 2706 350 354 2707 349 342 2708 351 343 2709 350 354 2710 338 331 2711 352 344 2712 351 343 2713 339 332 2714 353 345 2715 352 344 2716 340 333 2717 354 346 2718 353 345 2719 341 334 2720 343 336 2721 355 347 2722 354 346 2723 344 337 2724 356 360 2725 355 347 2726 357 348 2727 356 360 2728 344 337 2729 358 349 2730 357 348 2731 345 338 2732 359 350 2733 358 349 2734 346 339 2735 360 351 2736 371 361 2737 359 350 2738 361 352 2739 360 351 2740 348 341 2741 362 353 2742 361 352 2743 349 342 2744 363 321 2745 362 353 2746 350 354 2747 364 355 2748 363 321 2749 351 343 2750 365 356 2751 364 355 2752 352 344 2753 366 357 2754 365 356 2755 353 345 2756 367 358 2757 366 357 2758 354 346 2759 368 359 2760 367 358 2761 355 347 2762 369 177 2763 368 359 2764 356 360 2765 370 271 2766 369 177 2767 357 348 2768 371 361 2769 370 271 2770 358 349 2771 372 155 2772 383 368 2773 371 361 2774 373 362 2775 372 155 2776 360 351 2777 374 363 2778 373 362 2779 361 352 2780 375 364 2781 374 363 2782 362 353 2783 376 355 2784 375 364 2785 363 321 2786 377 266 2787 376 355 2788 364 355 2789 378 365 2790 377 266 2791 365 356 2792 379 366 2793 378 365 2794 366 357 2795 380 367 2796 379 366 2797 367 358 2798 381 177 2799 380 367 2800 368 359 2801 382 271 2802 381 177 2803 369 177 2804 383 368 2805 382 271 2806 370 271 2807 384 351 2808 395 368 2809 383 368 2810 385 253 2811 384 351 2812 372 155 2813 386 369 2814 385 253 2815 373 362 2816 387 364 2817 386 369 2818 374 363 2819 388 355 2820 387 364 2821 375 364 2822 389 370 2823 388 355 2824 376 355 2825 390 357 2826 389 370 2827 377 266 2828 391 366 2829 390 357 2830 378 365 2831 392 371 2832 391 366 2833 379 366 2834 393 372 2835 392 371 2836 380 367 2837 394 271 2838 393 372 2839 381 177 2840 395 368 2841 394 271 2842 382 271 2843 396 373 2844 407 377 2845 395 368 2846 397 374 2847 396 373 2848 384 351 2849 398 375 2850 397 374 2851 385 253 2852 399 265 2853 398 375 2854 386 369 2855 400 355 2856 399 265 2857 387 364 2858 401 376 2859 400 355 2860 388 355 2861 402 357 2862 401 376 2863 389 370 2864 403 366 2865 402 357 2866 390 357 2867 404 371 2868 403 366 2869 391 366 2870 405 177 2871 404 371 2872 392 371 2873 406 166 2874 405 177 2875 393 372 2876 407 377 2877 406 166 2878 394 271 2879 408 378 2880 419 389 2881 407 377 2882 409 379 2883 408 378 2884 396 373 2885 410 380 2886 409 379 2887 397 374 2888 411 381 2889 410 380 2890 398 375 2891 412 382 2892 411 381 2893 399 265 2894 413 383 2895 412 382 2896 400 355 2897 414 384 2898 413 383 2899 401 376 2900 415 385 2901 414 384 2902 402 357 2903 416 386 2904 415 385 2905 403 366 2906 417 387 2907 416 386 2908 404 371 2909 418 388 2910 417 387 2911 405 177 2912 419 389 2913 418 388 2914 406 166 2915 420 390 2916 431 401 2917 419 389 2918 421 391 2919 420 390 2920 408 378 2921 422 392 2922 421 391 2923 409 379 2924 423 393 2925 422 392 2926 410 380 2927 424 394 2928 423 393 2929 411 381 2930 425 395 2931 424 394 2932 412 382 2933 426 396 2934 425 395 2935 413 383 2936 427 397 2937 426 396 2938 414 384 2939 428 398 2940 427 397 2941 415 385 2942 429 399 2943 428 398 2944 416 386 2945 430 400 2946 429 399 2947 417 387 2948 431 401 2949 430 400 2950 418 388 2951 432 402 2952 443 413 2953 431 401 2954 433 403 2955 432 402 2956 420 390 2957 434 404 2958 433 403 2959 421 391 2960 435 405 2961 434 404 2962 422 392 2963 436 406 2964 435 405 2965 423 393 2966 437 407 2967 436 406 2968 424 394 2969 438 408 2970 437 407 2971 425 395 2972 439 409 2973 438 408 2974 426 396 2975 440 410 2976 439 409 2977 427 397 2978 441 411 2979 440 410 2980 428 398 2981 442 412 2982 441 411 2983 429 399 2984 443 413 2985 442 412 2986 430 400 2987 444 155 2988 455 368 2989 443 413 2990 445 414 2991 444 155 2992 432 402 2993 446 415 2994 445 414 2995 433 403 2996 447 171 2997 446 415 2998 434 404 2999 448 416 3000 447 171 3001 435 405 3002 449 370 3003 448 416 3004 436 406 3005 450 417 3006 449 370 3007 437 407 3008 451 418 3009 450 417 3010 438 408 3011 452 419 3012 451 418 3013 439 409 3014 453 420 3015 452 419 3016 440 410 3017 454 421 3018 453 420 3019 441 411 3020 455 368 3021 454 421 3022 442 412 3023 456 155 3024 467 368 3025 455 368 3026 457 422 3027 456 155 3028 444 155 3029 458 423 3030 457 422 3031 445 414 3032 459 171 3033 458 423 3034 446 415 3035 460 424 3036 459 171 3037 447 171 3038 461 425 3039 460 424 3040 448 416 3041 462 426 3042 461 425 3043 449 370 3044 463 427 3045 462 426 3046 450 417 3047 464 176 3048 463 427 3049 451 418 3050 465 428 3051 464 176 3052 452 419 3053 466 429 3054 465 428 3055 453 420 3056 467 368 3057 466 429 3058 454 421 3059 468 155 3060 479 439 3061 467 368 3062 469 430 3063 468 155 3064 456 155 3065 470 431 3066 469 430 3067 457 422 3068 471 171 3069 470 431 3070 458 423 3071 472 432 3072 471 171 3073 459 171 3074 473 433 3075 472 432 3076 460 424 3077 474 434 3078 473 433 3079 461 425 3080 475 435 3081 474 434 3082 462 426 3083 476 436 3084 475 435 3085 463 427 3086 477 437 3087 476 436 3088 464 176 3089 478 438 3090 477 437 3091 465 428 3092 479 439 3093 478 438 3094 466 429 3095 480 440 3096 491 451 3097 479 439 3098 481 441 3099 480 440 3100 468 155 3101 482 442 3102 481 441 3103 469 430 3104 483 443 3105 482 442 3106 470 431 3107 484 444 3108 483 443 3109 471 171 3110 485 445 3111 484 444 3112 472 432 3113 486 446 3114 485 445 3115 473 433 3116 487 447 3117 486 446 3118 474 434 3119 488 448 3120 487 447 3121 475 435 3122 489 449 3123 488 448 3124 476 436 3125 490 450 3126 489 449 3127 477 437 3128 491 451 3129 490 450 3130 478 438 3131 492 452 3132 503 462 3133 491 451 3134 481 441 3135 493 453 3136 492 452 3137 482 442 3138 494 454 3139 493 453 3140 483 443 3141 495 466 3142 494 454 3143 496 455 3144 495 466 3145 483 443 3146 497 456 3147 496 455 3148 484 444 3149 498 457 3150 497 456 3151 485 445 3152 487 447 3153 499 470 3154 498 457 3155 500 458 3156 499 470 3157 487 447 3158 501 459 3159 500 458 3160 488 448 3161 502 460 3162 501 459 3163 489 449 3164 491 451 3165 503 462 3166 502 460 3167 492 452 3168 504 463 3169 515 461 3170 493 453 3171 505 476 3172 504 463 3173 506 464 3174 505 476 3175 493 453 3176 507 465 3177 506 464 3178 494 454 3179 508 467 3180 507 465 3181 495 466 3182 509 468 3183 508 467 3184 496 455 3185 510 469 3186 509 468 3187 497 456 3188 499 470 3189 511 481 3190 510 469 3191 512 471 3192 511 481 3193 499 470 3194 513 472 3195 512 471 3196 500 458 3197 514 473 3198 513 472 3199 501 459 3200 515 461 3201 514 473 3202 502 460 3203 516 474 3204 527 484 3205 515 461 3206 517 475 3207 516 474 3208 504 463 3209 518 477 3210 517 475 3211 505 476 3212 519 364 3213 518 477 3214 506 464 3215 520 478 3216 519 364 3217 507 465 3218 521 479 3219 520 478 3220 508 467 3221 522 480 3222 521 479 3223 509 468 3224 523 358 3225 522 480 3226 510 469 3227 524 482 3228 523 358 3229 511 481 3230 525 483 3231 524 482 3232 512 471 3233 526 261 3234 525 483 3235 513 472 3236 527 484 3237 526 261 3238 514 473 3239 528 485 3240 539 495 3241 527 484 3242 529 486 3243 528 485 3244 516 474 3245 530 487 3246 529 486 3247 517 475 3248 531 488 3249 530 487 3250 518 477 3251 532 478 3252 531 488 3253 519 364 3254 533 489 3255 532 478 3256 520 478 3257 534 490 3258 533 489 3259 521 479 3260 535 491 3261 534 490 3262 522 480 3263 536 492 3264 535 491 3265 523 358 3266 537 493 3267 536 492 3268 524 482 3269 538 494 3270 537 493 3271 525 483 3272 539 495 3273 538 494 3274 526 261 3275 540 496 3276 551 504 3277 539 495 3278 541 497 3279 540 496 3280 528 485 3281 542 431 3282 541 497 3283 529 486 3284 543 498 3285 542 431 3286 530 487 3287 544 159 3288 543 498 3289 531 488 3290 545 499 3291 544 159 3292 532 478 3293 546 500 3294 545 499 3295 533 489 3296 547 501 3297 546 500 3298 534 490 3299 548 502 3300 547 501 3301 535 491 3302 549 503 3303 548 502 3304 536 492 3305 550 429 3306 549 503 3307 537 493 3308 551 504 3309 550 429 3310 538 494 3311 552 496 3312 563 504 3313 551 504 3314 553 497 3315 552 496 3316 540 496 3317 554 431 3318 553 497 3319 541 497 3320 555 364 3321 554 431 3322 542 431 3323 556 505 3324 555 364 3325 543 498 3326 557 506 3327 556 505 3328 544 159 3329 558 507 3330 557 506 3331 545 499 3332 559 435 3333 558 507 3334 546 500 3335 560 436 3336 559 435 3337 547 501 3338 561 508 3339 560 436 3340 548 502 3341 562 166 3342 561 508 3343 549 503 3344 563 504 3345 562 166 3346 550 429 3347 564 509 3348 575 520 3349 563 504 3350 565 510 3351 564 509 3352 552 496 3353 566 511 3354 565 510 3355 553 497 3356 567 512 3357 566 511 3358 554 431 3359 568 513 3360 567 512 3361 555 364 3362 569 514 3363 568 513 3364 556 505 3365 570 515 3366 569 514 3367 557 506 3368 571 516 3369 570 515 3370 558 507 3371 572 517 3372 571 516 3373 559 435 3374 573 518 3375 572 517 3376 560 436 3377 574 519 3378 573 518 3379 561 508 3380 575 520 3381 574 519 3382 562 166 3383</p>
        </triangles>
      </mesh>
    </geometry>
  </library_geometries>
  <library_visual_scenes>
    <visual_scene id="Scene" name="Scene">
      <node id="NurbsPath_001" name="NurbsPath.001" type="NODE">
        <matrix sid="transform">2.598076 0.5 0 -17.0919 -1.5 0.8660254 0 2.937528 0 0 1 0 0 0 0 1</matrix>
        <instance_geometry url="#NurbsPath_001-mesh" name="NurbsPath.001">
          <bind_material>
            <technique_common>
              <instance_material symbol="Material_005-material" target="#Material_005-material">
                <bind_vertex_input semantic="UVMap" input_semantic="TEXCOORD" input_set="0"/>
              </instance_material>
            </technique_common>
          </bind_material>
        </instance_geometry>
      </node>
      <node id="NurbsPath" name="NurbsPath" type="NODE">
        <matrix sid="transform">3 0 0 -6 0 1 0 0 0 0 1 0 0 0 0 1</matrix>
        <instance_geometry url="#NurbsPath-mesh" name="NurbsPath">
          <bind_material>
            <technique_common>
              <instance_material symbol="Material_006-material" target="#Material_006-material">
                <bind_vertex_input semantic="UVMap" input_semantic="TEXCOORD" input_set="0"/>
              </instance_material>
            </technique_common>
          </bind_material>
        </instance_geometry>
      </node>
    </visual_scene>
  </library_visual_scenes>
  <scene>
    <instance_visual_scene url="#Scene"/>
  </scene>
</COLLADA>